rule,pokemon_key,form_key,move_name,memo
champions,abomasnow,default,ふぶき,
champions,abomasnow,default,こおりのつぶて,
champions,abomasnow,default,ギガドレイン,
champions,abomasnow,default,だいちのちから,
champions,abomasnow,default,オーロラベール,
champions,abomasnow,default,やどりぎのタネ,
champions,abomasnow,default,リーフストーム,
champions,abomasnow,default,ぜったいれいど,
champions,abomasnow,default,エナジーボール,
champions,abomasnow,default,きあいだま,
champions,absol,default,シャドークロー,
champions,absol,default,ふいうち,
champions,absol,default,インファイト,
champions,absol,default,つるぎのまい,
champions,absol,default,つじぎり,
champions,absol,default,サイコカッター,
champions,absol,default,かげうち,
champions,absol,default,じゃれつく,
champions,absol,default,シザークロス,
champions,aegislash,blade,かげうち,
champions,aegislash,blade,キングシールド,
champions,aegislash,blade,ポルターガイスト,
champions,aegislash,blade,せいなるつるぎ,
champions,aegislash,blade,シャドーボール,
champions,aegislash,blade,つるぎのまい,
champions,aegislash,blade,ラスターカノン,
champions,aegislash,blade,アイアンヘッド,
champions,aegislash,blade,インファイト,
champions,aegislash,default,かげうち,
champions,aegislash,default,キングシールド,
champions,aegislash,default,ポルターガイスト,
champions,aegislash,default,せいなるつるぎ,
champions,aegislash,default,シャドーボール,
champions,aegislash,default,つるぎのまい,
champions,aegislash,default,ラスターカノン,
champions,aegislash,default,アイアンヘッド,
champions,aegislash,default,インファイト,
champions,aerodactyl,default,ダブルウイング,
champions,aerodactyl,default,こおりのキバ,
champions,aerodactyl,default,いわなだれ,
champions,aerodactyl,default,じしん,
champions,aerodactyl,default,ちょうはつ,
champions,aerodactyl,default,りゅうのまい,
champions,aerodactyl,default,ストーンエッジ,
champions,aerodactyl,default,ステルスロック,
champions,aerodactyl,default,ほのおのキバ,
champions,aerodactyl,default,おいかぜ,
champions,aggron,default,ボディプレス,
champions,aggron,default,てっぺき,
champions,aggron,default,ヘビーボンバー,
champions,aggron,default,メタルバースト,
champions,aggron,default,じしん,
champions,aggron,default,ゆきなだれ,
champions,aggron,default,ステルスロック,
champions,aggron,default,れいとうパンチ,
champions,aggron,default,アイアンヘッド,
champions,aggron,default,ほのおのパンチ,
champions,alakazam,default,シャドーボール,
champions,alakazam,default,ワイドフォース,
champions,alakazam,default,きあいだま,
champions,alakazam,default,マジカルシャイン,
champions,alakazam,default,わるだくみ,
champions,alakazam,default,アンコール,
champions,alakazam,default,サイコキネシス,
champions,alakazam,default,エナジーボール,
champions,alakazam,default,めいそう,
champions,alakazam,default,みがわり,
champions,alcremie,default,めいそう,
champions,alcremie,default,とける,
champions,alcremie,default,じこさいせい,
champions,alcremie,default,みわくのボイス,
champions,alcremie,default,ドレインキッス,
champions,alcremie,default,マジカルフレイム,
champions,alcremie,default,アシストパワー,
champions,alcremie,default,ギガドレイン,
champions,alcremie,default,マジカルシャイン,
champions,alcremie,default,アンコール,
champions,altaria,default,はねやすめ,
champions,altaria,default,ハイパーボイス,
champions,altaria,default,コットンガード,
champions,altaria,default,かえんほうしゃ,
champions,altaria,default,だいもんじ,
champions,altaria,default,りゅうのまい,
champions,altaria,default,のしかかり,
champions,altaria,default,りゅうせいぐん,
champions,altaria,default,おにび,
champions,altaria,default,じしん,
champions,ampharos,default,りゅうのはどう,
champions,ampharos,default,パラボラチャージ,
champions,ampharos,default,コットンガード,
champions,ampharos,default,１０まんボルト,
champions,ampharos,default,パワージェム,
champions,ampharos,default,きあいだま,
champions,ampharos,default,じゅうでん,
champions,ampharos,default,ボルトチェンジ,
champions,ampharos,default,マジカルシャイン,
champions,appletun,default,りんごさん,
champions,appletun,default,じこさいせい,
champions,appletun,default,やどりぎのタネ,
champions,appletun,default,ドわすれ,
champions,appletun,default,てっぺき,
champions,appletun,default,りゅうのはどう,
champions,appletun,default,ボディプレス,
champions,appletun,default,ふいうち,
champions,appletun,default,りゅうせいぐん,
champions,appletun,default,リサイクル,
champions,araquanid,default,ねばねばネット,
champions,araquanid,default,ミラーコート,
champions,araquanid,default,アクアブレイク,
champions,araquanid,default,きゅうけつ,
champions,araquanid,default,なみのり,
champions,araquanid,default,れいとうビーム,
champions,araquanid,default,とびかかる,
champions,araquanid,default,がむしゃら,
champions,araquanid,default,こごえるかぜ,
champions,araquanid,default,ハイドロポンプ,
champions,arbok,default,へびにらみ,
champions,arbok,default,どくびし,
champions,arbok,default,ドラゴンテール,
champions,arbok,default,ダストシュート,
champions,arbok,default,はたきおとす,
champions,arbok,default,いたみわけ,
champions,arbok,default,じしん,
champions,arbok,default,とぐろをまく,
champions,arbok,default,ふいうち,
champions,arbok,default,どくどく,
champions,arcanine,default,おにび,
champions,arcanine,default,あさのひざし,
champions,arcanine,default,しんそく,
champions,arcanine,default,フレアドライブ,
champions,arcanine,default,かえんほうしゃ,
champions,arcanine,default,バークアウト,
champions,arcanine,default,じゃれつく,
champions,arcanine,default,もえつきる,
champions,arcanine,default,ワイルドボルト,
champions,arcanine,default,ほえる,
champions,arcanine,hisui,フレアドライブ,
champions,arcanine,hisui,もろはのずつき,
champions,arcanine,hisui,しんそく,
champions,arcanine,hisui,ワイルドボルト,
champions,arcanine,hisui,インファイト,
champions,arcanine,hisui,ステルスロック,
champions,arcanine,hisui,げきりん,
champions,arcanine,hisui,おにび,
champions,archaludon,default,りゅうせいぐん,
champions,archaludon,default,ラスターカノン,
champions,archaludon,default,１０まんボルト,
champions,archaludon,default,ステルスロック,
champions,archaludon,default,ほえる,
champions,archaludon,default,ドラゴンテール,
champions,archaludon,default,はどうだん,
champions,archaludon,default,エレクトロビーム,
champions,archaludon,default,あくのはどう,
champions,archaludon,default,りゅうのはどう,
champions,ariados,default,ねばねばネット,
champions,ariados,default,どくのいと,
champions,ariados,default,であいがしら,
champions,ariados,default,ふいうち,
champions,ariados,default,どくびし,
champions,ariados,default,はたきおとす,
champions,ariados,default,どくづき,
champions,ariados,default,かげうち,
champions,ariados,default,イカサマ,
champions,ariados,default,クロスポイズン,
champions,armarouge,default,アーマーキャノン,
champions,armarouge,default,ワイドフォース,
champions,armarouge,default,みちづれ,
champions,armarouge,default,こらえる,
champions,armarouge,default,はどうだん,
champions,armarouge,default,サイコフィールド,
champions,armarouge,default,サイコキネシス,
champions,armarouge,default,エナジーボール,
champions,armarouge,default,めいそう,
champions,armarouge,default,シャドーボール,
champions,aromatisse,default,ムーンフォース,
champions,aromatisse,default,トリックルーム,
champions,aromatisse,default,１０まんボルト,
champions,aromatisse,default,アンコール,
champions,aromatisse,default,ミストバースト,
champions,aromatisse,default,ラスターカノン,
champions,aromatisse,default,みがわり,
champions,aromatisse,default,ドレインキッス,
champions,aromatisse,default,リフレクター,
champions,aromatisse,default,エナジーボール,
champions,audino,default,いやしのねがい,
champions,audino,default,トリックルーム,
champions,audino,default,かえんほうしゃ,
champions,audino,default,アンコール,
champions,audino,default,あくび,
champions,audino,default,れいとうビーム,
champions,audino,default,マジカルシャイン,
champions,audino,default,ねがいごと,
champions,audino,default,ドレインキッス,
champions,audino,default,めいそう,
champions,aurorus,default,オーロラベール,
champions,aurorus,default,ふぶき,
champions,aurorus,default,ステルスロック,
champions,aurorus,default,フリーズドライ,
champions,aurorus,default,でんじは,
champions,aurorus,default,だいちのちから,
champions,aurorus,default,げんしのちから,
champions,aurorus,default,ミラーコート,
champions,aurorus,default,アンコール,
champions,avalugg,default,ボディプレス,
champions,avalugg,default,じこさいせい,
champions,avalugg,default,てっぺき,
champions,avalugg,default,ミラーコート,
champions,avalugg,default,ゆきなだれ,
champions,avalugg,default,つららばり,
champions,avalugg,default,じしん,
champions,avalugg,default,アイススピナー,
champions,avalugg,default,つららおとし,
champions,avalugg,default,ヘビーボンバー,
champions,avalugg,hisui,ひょうざんおろし,
champions,avalugg,hisui,ミラーコート,
champions,avalugg,hisui,じしん,
champions,avalugg,hisui,ストーンエッジ,
champions,avalugg,hisui,ボディプレス,
champions,avalugg,hisui,じこさいせい,
champions,avalugg,hisui,ロックブラスト,
champions,avalugg,hisui,ステルスロック,
champions,avalugg,hisui,つららばり,
champions,avalugg,hisui,こうそくスピン,
champions,azumarill,default,じゃれつく,
champions,azumarill,default,アクアジェット,
champions,azumarill,default,アクアブレイク,
champions,azumarill,default,はらだいこ,
champions,azumarill,default,ばかぢから,
champions,azumarill,default,アイススピナー,
champions,azumarill,default,はたきおとす,
champions,azumarill,default,ほろびのうた,
champions,azumarill,default,まもる,
champions,azumarill,default,アンコール,
champions,banette,default,みちづれ,
champions,banette,default,ポルターガイスト,
champions,banette,default,アンコール,
champions,banette,default,かげうち,
champions,banette,default,ちょうはつ,
champions,banette,default,おにび,
champions,banette,default,ダストシュート,
champions,basculegion,default,おはかまいり,
champions,basculegion,default,ウェーブタックル,
champions,basculegion,default,アクアジェット,
champions,basculegion,default,クイックターン,
champions,basculegion,default,こうそくいどう,
champions,basculegion,default,こおりのキバ,
champions,basculegion,female,シャドーボール,
champions,basculegion,female,れいとうビーム,
champions,basculegion,female,アクアジェット,
champions,basculegion,female,なみのり,
champions,basculegion,female,クイックターン,
champions,basculegion,female,ハイドロポンプ,
champions,basculegion,female,おはかまいり,
champions,basculegion,female,ウェーブタックル,
champions,basculegion,female,ふぶき,
champions,bastiodon,default,メタルバースト,
champions,bastiodon,default,ステルスロック,
champions,bastiodon,default,ボディプレス,
champions,bastiodon,default,じわれ,
champions,bastiodon,default,ほえる,
champions,bastiodon,default,てっぺき,
champions,bastiodon,default,イカサマ,
champions,bastiodon,default,まもる,
champions,bastiodon,default,ヘビーボンバー,
champions,bastiodon,default,カウンター,
champions,beartic,default,つららおとし,
champions,beartic,default,じしん,
champions,beartic,default,インファイト,
champions,beartic,default,アクアジェット,
champions,beartic,default,アクアブレイク,
champions,beartic,default,つるぎのまい,
champions,beartic,default,つららばり,
champions,beartic,default,ぜったいれいど,
champions,beartic,default,いわなだれ,
champions,beartic,default,じゃれつく,
champions,beedrill,default,どくづき,
champions,beedrill,default,ドリルライナー,
champions,beedrill,default,とんぼがえり,
champions,beedrill,default,とどめばり,
champions,beedrill,default,はたきおとす,
champions,beedrill,default,とびかかる,
champions,beedrill,default,つるぎのまい,
champions,beedrill,default,クロスポイズン,
champions,beedrill,default,かわらわり,
champions,beedrill,default,ミサイルばり,
champions,bellibolt,default,みずびたし,
champions,bellibolt,default,なまける,
champions,bellibolt,default,パラボラチャージ,
champions,bellibolt,default,どくどく,
champions,bellibolt,default,ボルトチェンジ,
champions,blastoise,default,からをやぶる,
champions,blastoise,default,はどうだん,
champions,blastoise,default,あくのはどう,
champions,blastoise,default,だいちのはどう,
champions,blastoise,default,みずのはどう,
champions,blastoise,default,れいとうビーム,
champions,blastoise,default,りゅうのはどう,
champions,camerupt,default,だいちのちから,
champions,camerupt,default,げんしのちから,
champions,camerupt,default,かえんほうしゃ,
champions,camerupt,default,ふんか,
champions,camerupt,default,ラスターカノン,
champions,camerupt,default,だいもんじ,
champions,camerupt,default,あくび,
champions,camerupt,default,オーバーヒート,
champions,camerupt,default,おにび,
champions,camerupt,default,ふんえん,
champions,castform,default,ウェザーボール,
champions,castform,default,かみなり,
champions,castform,default,シャドーボール,
champions,castform,default,みらいよち,
champions,castform,default,ねっとう,
champions,castform,default,れいとうビーム,
champions,castform,default,かえんほうしゃ,
champions,castform,default,１０まんボルト,
champions,castform,default,でんじは,
champions,castform,default,あまごい,
champions,castform,rainy,ウェザーボール,
champions,castform,rainy,かみなり,
champions,castform,rainy,シャドーボール,
champions,castform,rainy,みらいよち,
champions,castform,rainy,ねっとう,
champions,castform,rainy,れいとうビーム,
champions,castform,rainy,かえんほうしゃ,
champions,castform,rainy,１０まんボルト,
champions,castform,rainy,でんじは,
champions,castform,rainy,あまごい,
champions,castform,snowy,ウェザーボール,
champions,castform,snowy,かみなり,
champions,castform,snowy,シャドーボール,
champions,castform,snowy,みらいよち,
champions,castform,snowy,ねっとう,
champions,castform,snowy,れいとうビーム,
champions,castform,snowy,かえんほうしゃ,
champions,castform,snowy,１０まんボルト,
champions,castform,snowy,でんじは,
champions,castform,snowy,あまごい,
champions,castform,sunny,ウェザーボール,
champions,castform,sunny,かみなり,
champions,castform,sunny,シャドーボール,
champions,castform,sunny,みらいよち,
champions,castform,sunny,ねっとう,
champions,castform,sunny,れいとうビーム,
champions,castform,sunny,かえんほうしゃ,
champions,castform,sunny,１０まんボルト,
champions,castform,sunny,でんじは,
champions,castform,sunny,あまごい,
champions,ceruledge,default,むねんのつるぎ,
champions,ceruledge,default,かげうち,
champions,ceruledge,default,ポルターガイスト,
champions,ceruledge,default,つるぎのまい,
champions,ceruledge,default,インファイト,
champions,ceruledge,default,みちづれ,
champions,ceruledge,default,ビルドアップ,
champions,ceruledge,default,おにび,
champions,chandelure,default,シャドーボール,
champions,chandelure,default,かえんほうしゃ,
champions,chandelure,default,エナジーボール,
champions,chandelure,default,オーバーヒート,
champions,chandelure,default,トリック,
champions,chandelure,default,おにび,
champions,chandelure,default,サイコキネシス,
champions,chandelure,default,ちいさくなる,
champions,chandelure,default,みがわり,
champions,chandelure,default,トリックルーム,
champions,charizard,default,ソーラービーム,
champions,charizard,default,かえんほうしゃ,
champions,charizard,default,りゅうのはどう,
champions,charizard,default,はねやすめ,
champions,charizard,default,エアスラッシュ,
champions,charizard,default,フレアドライブ,
champions,charizard,default,ニトロチャージ,
champions,charizard,default,ウェザーボール,
champions,charizard,default,りゅうのまい,
champions,charizard,default,オーバーヒート,
champions,chesnaught,default,ボディプレス,
champions,chesnaught,default,てっぺき,
champions,chesnaught,default,こうごうせい,
champions,chesnaught,default,じしん,
champions,chesnaught,default,やどりぎのタネ,
champions,chesnaught,default,ニードルガード,
champions,chesnaught,default,ウッドハンマー,
champions,chesnaught,default,はたきおとす,
champions,chesnaught,default,ドレインパンチ,
champions,chesnaught,default,タネばくだん,
champions,chimecho,default,じこさいせい,
champions,chimecho,default,コスモパワー,
champions,chimecho,default,アシストパワー,
champions,chimecho,default,めいそう,
champions,chimecho,default,ラスターカノン,
champions,chimecho,default,ばくおんぱ,
champions,chimecho,default,サイコノイズ,
champions,chimecho,default,サイコキネシス,
champions,chimecho,default,マジカルシャイン,
champions,chimecho,default,シャドーボール,
champions,clawitzer,default,はどうだん,
champions,clawitzer,default,みずのはどう,
champions,clawitzer,default,あくのはどう,
champions,clawitzer,default,りゅうのはどう,
champions,clawitzer,default,れいとうビーム,
champions,clawitzer,default,アクアジェット,
champions,clawitzer,default,だいちのはどう,
champions,clawitzer,default,ヘドロウェーブ,
champions,clefable,default,つきのひかり,
champions,clefable,default,ムーンフォース,
champions,clefable,default,コスモパワー,
champions,clefable,default,かえんほうしゃ,
champions,clefable,default,めいそう,
champions,clefable,default,アシストパワー,
champions,clefable,default,バトンタッチ,
champions,clefable,default,マジカルフレイム,
champions,clefable,default,ステルスロック,
champions,clefable,default,アンコール,
champions,cofagrigus,default,おにび,
champions,cofagrigus,default,ボディプレス,
champions,cofagrigus,default,たたりめ,
champions,cofagrigus,default,トリックルーム,
champions,cofagrigus,default,てっぺき,
champions,cofagrigus,default,シャドーボール,
champions,cofagrigus,default,のろい,
champions,cofagrigus,default,みちづれ,
champions,cofagrigus,default,どくびし,
champions,cofagrigus,default,おきみやげ,
champions,conkeldurr,default,マッハパンチ,
champions,conkeldurr,default,ドレインパンチ,
champions,conkeldurr,default,れいとうパンチ,
champions,conkeldurr,default,かみなりパンチ,
champions,conkeldurr,default,ほのおのパンチ,
champions,conkeldurr,default,はたきおとす,
champions,conkeldurr,default,じしん,
champions,conkeldurr,default,インファイト,
champions,conkeldurr,default,ビルドアップ,
champions,corviknight,default,はねやすめ,
champions,corviknight,default,とんぼがえり,
champions,corviknight,default,ボディプレス,
champions,corviknight,default,てっぺき,
champions,corviknight,default,アイアンヘッド,
champions,corviknight,default,ブレイブバード,
champions,corviknight,default,ビルドアップ,
champions,corviknight,default,きりばらい,
champions,corviknight,default,ちょうはつ,
champions,corviknight,default,のろい,
champions,crabominable,default,アイスハンマー,
champions,crabominable,default,マッハパンチ,
champions,crabominable,default,ドレインパンチ,
champions,crabominable,default,かみなりパンチ,
champions,crabominable,default,じしん,
champions,crabominable,default,インファイト,
champions,crabominable,default,れいとうパンチ,
champions,crabominable,default,はたきおとす,
champions,crabominable,default,ビルドアップ,
champions,crabominable,default,クラブハンマー,
champions,decidueye,default,リーフブレード,
champions,decidueye,default,かげぬい,
champions,decidueye,default,かげうち,
champions,decidueye,default,つるぎのまい,
champions,decidueye,default,はねやすめ,
champions,decidueye,default,のろい,
champions,decidueye,default,ポルターガイスト,
champions,decidueye,default,とんぼがえり,
champions,decidueye,default,ふいうち,
champions,decidueye,default,ブレイブバード,
champions,decidueye,hisui,３ぼんのや,
champions,decidueye,hisui,リーフブレード,
champions,decidueye,hisui,ふいうち,
champions,decidueye,hisui,とんぼがえり,
champions,decidueye,hisui,かげうち,
champions,decidueye,hisui,がんせきふうじ,
champions,decidueye,hisui,はやてがえし,
champions,decidueye,hisui,ブレイブバード,
champions,decidueye,hisui,つるぎのまい,
champions,decidueye,hisui,ちょうはつ,
champions,dedenne,default,ほっぺすりすり,
champions,dedenne,default,マジカルシャイン,
champions,dedenne,default,いかりのまえば,
champions,dedenne,default,あまえる,
champions,dedenne,default,１０まんボルト,
champions,dedenne,default,ボルトチェンジ,
champions,dedenne,default,かいでんぱ,
champions,dedenne,default,がむしゃら,
champions,dedenne,default,くさむすび,
champions,dedenne,default,パラボラチャージ,
champions,delphox,default,かえんほうしゃ,
champions,delphox,default,サイコキネシス,
champions,delphox,default,わるだくみ,
champions,delphox,default,マジカルシャイン,
champions,delphox,default,みがわり,
champions,delphox,default,サイコショック,
champions,delphox,default,アンコール,
champions,delphox,default,マジカルフレイム,
champions,delphox,default,まもる,
champions,delphox,default,オーバーヒート,
champions,diggersby,default,じしん,
champions,diggersby,default,れいとうパンチ,
champions,diggersby,default,でんこうせっか,
champions,diggersby,default,かみなりパンチ,
champions,diggersby,default,ほのおのパンチ,
champions,diggersby,default,がんせきふうじ,
champions,diggersby,default,とんぼがえり,
champions,diggersby,default,ダストシュート,
champions,diggersby,default,いわなだれ,
champions,diggersby,default,ワイルドボルト,
champions,ditto,default,へんしん,
champions,dragapult,default,ドラゴンアロー,
champions,dragapult,default,シャドーボール,
champions,dragapult,default,とんぼがえり,
champions,dragapult,default,りゅうせいぐん,
champions,dragapult,default,ゴーストダイブ,
champions,dragapult,default,かえんほうしゃ,
champions,dragapult,default,ふいうち,
champions,dragapult,default,１０まんボルト,
champions,dragapult,default,おにび,
champions,dragapult,default,のろい,
champions,dragonite,default,はねやすめ,
champions,dragonite,default,しんそく,
champions,dragonite,default,かえんほうしゃ,
champions,dragonite,default,りゅうせいぐん,
champions,dragonite,default,１０まんボルト,
champions,dragonite,default,じしん,
champions,dragonite,default,エアスラッシュ,
champions,dragonite,default,ドラゴンテール,
champions,dragonite,default,れいとうビーム,
champions,dragonite,default,りゅうのはどう,
champions,drampa,default,かえんほうしゃ,
champions,drampa,default,りゅうせいぐん,
champions,drampa,default,１０まんボルト,
champions,drampa,default,ハイパーボイス,
champions,drampa,default,りゅうのはどう,
champions,drampa,default,はねやすめ,
champions,drampa,default,れいとうビーム,
champions,drampa,default,だいちのちから,
champions,drampa,default,だいもんじ,
champions,drampa,default,めいそう,
champions,emboar,default,フレアドライブ,
champions,emboar,default,ふいうち,
champions,emboar,default,インファイト,
champions,emboar,default,ワイルドボルト,
champions,emboar,default,じしん,
champions,emboar,default,ドレインパンチ,
champions,emboar,default,もろはのずつき,
champions,emboar,default,ビルドアップ,
champions,emboar,default,やまあらし,
champions,emboar,default,ニトロチャージ,
champions,emolga,default,ほっぺすりすり,
champions,emolga,default,アンコール,
champions,emolga,default,ちょうはつ,
champions,emolga,default,ボルトチェンジ,
champions,emolga,default,エアスラッシュ,
champions,emolga,default,あまえる,
champions,emolga,default,はねやすめ,
champions,emolga,default,エナジーボール,
champions,emolga,default,１０まんボルト,
champions,emolga,default,とんぼがえり,
champions,empoleon,default,れいとうビーム,
champions,empoleon,default,あくび,
champions,empoleon,default,ステルスロック,
champions,empoleon,default,クイックターン,
champions,empoleon,default,なみのり,
champions,empoleon,default,ラスターカノン,
champions,empoleon,default,しんくうは,
champions,empoleon,default,はねやすめ,
champions,espathra,default,まもる,
champions,espathra,default,ルミナコリジョン,
champions,espathra,default,めいそう,
champions,espathra,default,バトンタッチ,
champions,espathra,default,マジカルシャイン,
champions,espathra,default,シャドーボール,
champions,espathra,default,アシストパワー,
champions,espathra,default,はねやすめ,
champions,espathra,default,みがわり,
champions,espathra,default,リフレクター,
champions,espeon,default,サイコキネシス,
champions,espeon,default,みわくのボイス,
champions,espeon,default,パワージェム,
champions,espeon,default,シャドーボール,
champions,espeon,default,トリック,
champions,espeon,default,くさむすび,
champions,espeon,default,あくび,
champions,espeon,default,めいそう,
champions,espeon,default,リフレクター,
champions,espeon,default,マジカルシャイン,
champions,excadrill,default,じしん,
champions,excadrill,default,アイアンヘッド,
champions,excadrill,default,いわなだれ,
champions,excadrill,default,つのドリル,
champions,excadrill,default,つるぎのまい,
champions,excadrill,default,こうそくスピン,
champions,excadrill,default,がんせきふうじ,
champions,excadrill,default,かわらわり,
champions,excadrill,default,どくづき,
champions,excadrill,default,ステルスロック,
champions,farigiraf,default,トリックルーム,
champions,farigiraf,default,サイコキネシス,
champions,farigiraf,default,１０まんボルト,
champions,farigiraf,default,マジカルシャイン,
champions,farigiraf,default,ツインビーム,
champions,farigiraf,default,シャドーボール,
champions,farigiraf,default,ハイパーボイス,
champions,farigiraf,default,バトンタッチ,
champions,farigiraf,default,イカサマ,
champions,farigiraf,default,まもる,
champions,feraligatr,default,アクアブレイク,
champions,feraligatr,default,りゅうのまい,
champions,feraligatr,default,れいとうパンチ,
champions,feraligatr,default,アクアジェット,
champions,feraligatr,default,じしん,
champions,feraligatr,default,すてみタックル,
champions,feraligatr,default,のしかかり,
champions,feraligatr,default,かみくだく,
champions,feraligatr,default,つるぎのまい,
champions,feraligatr,default,たきのぼり,
champions,flapple,default,Ｇのちから,
champions,flapple,default,ふいうち,
champions,flapple,default,ドラゴンダイブ,
champions,flapple,default,とんぼがえり,
champions,flapple,default,げきりん,
champions,flapple,default,りゅうのまい,
champions,flapple,default,ダブルウイング,
champions,flapple,default,りゅうせいぐん,
champions,flapple,default,がむしゃら,
champions,flapple,default,やどりぎのタネ,
champions,flareon,default,フレアドライブ,
champions,flareon,default,おにび,
champions,flareon,default,ねがいごと,
champions,flareon,default,ばかぢから,
champions,flareon,default,でんこうせっか,
champions,flareon,default,まもる,
champions,flareon,default,あくび,
champions,flareon,default,みきり,
champions,flareon,default,がむしゃら,
champions,flareon,default,ニトロチャージ,
champions,floette,default,ムーンフォース,
champions,floette,default,めいそう,
champions,floette,default,ドレインキッス,
champions,floette,default,はめつのひかり,
champions,floette,default,こうごうせい,
champions,floette,default,サイコキネシス,
champions,floette,default,あまえる,
champions,floette,default,みがわり,
champions,floette,default,トリック,
champions,floette,eternal,ムーンフォース,
champions,floette,eternal,めいそう,
champions,floette,eternal,ドレインキッス,
champions,floette,eternal,はめつのひかり,
champions,floette,eternal,こうごうせい,
champions,floette,eternal,サイコキネシス,
champions,floette,eternal,あまえる,
champions,floette,eternal,みがわり,
champions,floette,eternal,トリック,
champions,florges,default,ムーンフォース,
champions,florges,default,めいそう,
champions,florges,default,こうごうせい,
champions,florges,default,ギガドレイン,
champions,florges,default,ドレインキッス,
champions,florges,default,サイコノイズ,
champions,florges,default,サイコキネシス,
champions,florges,default,バトンタッチ,
champions,florges,default,スキルスワップ,
champions,florges,default,エナジーボール,
champions,forretress,default,ステルスロック,
champions,forretress,default,だいばくはつ,
champions,forretress,default,ボディプレス,
champions,forretress,default,ボルトチェンジ,
champions,forretress,default,こうそくスピン,
champions,forretress,default,どくびし,
champions,forretress,default,まきびし,
champions,forretress,default,アイススピナー,
champions,forretress,default,てっぺき,
champions,forretress,default,ジャイロボール,
champions,froslass,default,ふぶき,
champions,froslass,default,シャドーボール,
champions,froslass,default,オーロラベール,
champions,froslass,default,１０まんボルト,
champions,froslass,default,みちづれ,
champions,froslass,default,おにび,
champions,froslass,default,こおりのつぶて,
champions,froslass,default,たたりめ,
champions,froslass,default,ちょうはつ,
champions,froslass,default,わるだくみ,
champions,furfrou,default,コットンガード,
champions,furfrou,default,こおりのキバ,
champions,furfrou,default,ほえる,
champions,furfrou,default,でんじは,
champions,furfrou,default,ねむる,
champions,furfrou,default,ほのおのキバ,
champions,furfrou,default,ふいうち,
champions,furfrou,default,バークアウト,
champions,furfrou,default,とんぼがえり,
champions,furfrou,default,がむしゃら,
champions,gallade,default,せいなるつるぎ,
champions,gallade,default,サイコカッター,
champions,gallade,default,リーフブレード,
champions,gallade,default,かげうち,
champions,gallade,default,トリプルアクセル,
champions,gallade,default,つじぎり,
champions,gallade,default,シャドークロー,
champions,garbodor,default,だいばくはつ,
champions,garbodor,default,ダストシュート,
champions,garbodor,default,じだんだ,
champions,garbodor,default,どくびし,
champions,garbodor,default,タネばくだん,
champions,garbodor,default,まきびし,
champions,garbodor,default,どくどく,
champions,garbodor,default,いたみわけ,
champions,garbodor,default,ドレインパンチ,
champions,garbodor,default,なげつける,
champions,garchomp,default,じしん,
champions,garchomp,default,ステルスロック,
champions,garchomp,default,りゅうせいぐん,
champions,garchomp,default,ドラゴンテール,
champions,garchomp,default,かえんほうしゃ,
champions,garchomp,default,げきりん,
champions,garchomp,default,だいちのちから,
champions,garchomp,default,がんせきふうじ,
champions,garchomp,default,スケイルショット,
champions,garchomp,default,パワージェム,
champions,gardevoir,default,ハイパーボイス,
champions,gardevoir,default,マジカルフレイム,
champions,gardevoir,default,しんくうは,
champions,gardevoir,default,ムーンフォース,
champions,gardevoir,default,サイコキネシス,
champions,gardevoir,default,１０まんボルト,
champions,gardevoir,default,サイコノイズ,
champions,gardevoir,default,サイコショック,
champions,gardevoir,default,めいそう,
champions,gardevoir,default,ワイドフォース,
champions,garganacl,default,しおづけ,
champions,garganacl,default,じこさいせい,
champions,garganacl,default,てっぺき,
champions,garganacl,default,ボディプレス,
champions,garganacl,default,ステルスロック,
champions,garganacl,default,まもる,
champions,garganacl,default,じわれ,
champions,garganacl,default,じしん,
champions,garganacl,default,だいばくはつ,
champions,gengar,default,シャドーボール,
champions,gengar,default,ヘドロウェーブ,
champions,gengar,default,みちづれ,
champions,gengar,default,まもる,
champions,gengar,default,こごえるかぜ,
champions,gengar,default,ほろびのうた,
champions,gengar,default,きあいだま,
champions,gengar,default,たたりめ,
champions,gengar,default,ヘドロばくだん,
champions,gengar,default,おにび,
champions,glaceon,default,フリーズドライ,
champions,glaceon,default,こおりのつぶて,
champions,glaceon,default,ミラーコート,
champions,glaceon,default,あくび,
champions,glaceon,default,マッドショット,
champions,glaceon,default,シャドーボール,
champions,glaceon,default,れいとうビーム,
champions,glaceon,default,ふぶき,
champions,glaceon,default,めいそう,
champions,glaceon,default,こおりのいぶき,
champions,glalie,default,まもる,
champions,glalie,default,だいばくはつ,
champions,glalie,default,ぜったいれいど,
champions,glalie,default,こおりのつぶて,
champions,glalie,default,みがわり,
champions,glalie,default,じしん,
champions,glalie,default,フリーズドライ,
champions,glalie,default,のしかかり,
champions,glalie,default,くさわけ,
champions,glalie,default,かげぶんしん,
champions,glimmora,default,パワージェム,
champions,glimmora,default,ステルスロック,
champions,glimmora,default,だいちのちから,
champions,glimmora,default,ヘドロウェーブ,
champions,glimmora,default,キラースピン,
champions,glimmora,default,エナジーボール,
champions,glimmora,default,マッドショット,
champions,glimmora,default,ヘドロばくだん,
champions,glimmora,default,ニードルガード,
champions,glimmora,default,どくどく,
champions,gliscor,default,じしん,
champions,gliscor,default,どくどく,
champions,gliscor,default,ステルスロック,
champions,gliscor,default,まもる,
champions,gliscor,default,こおりのキバ,
champions,gliscor,default,ダブルウイング,
champions,gliscor,default,とんぼがえり,
champions,gliscor,default,はたきおとす,
champions,gliscor,default,みがわり,
champions,gliscor,default,つるぎのまい,
champions,golurk,default,ポルターガイスト,
champions,golurk,default,れいとうパンチ,
champions,golurk,default,ぶちかまし,
champions,golurk,default,じしん,
champions,golurk,default,ドレインパンチ,
champions,golurk,default,ほのおのパンチ,
champions,golurk,default,ばくれつパンチ,
champions,golurk,default,ストーンエッジ,
champions,golurk,default,かみなりパンチ,
champions,golurk,default,インファイト,
champions,goodra,default,りゅうせいぐん,
champions,goodra,default,かえんほうしゃ,
champions,goodra,default,１０まんボルト,
champions,goodra,default,れいとうビーム,
champions,goodra,default,アシッドボム,
champions,goodra,default,りゅうのはどう,
champions,goodra,default,だいもんじ,
champions,goodra,default,ヘドロウェーブ,
champions,goodra,default,ギガドレイン,
champions,goodra,default,ねっとう,
champions,goodra,hisui,ラスターカノン,
champions,goodra,hisui,れいとうビーム,
champions,goodra,hisui,かえんほうしゃ,
champions,goodra,hisui,１０まんボルト,
champions,goodra,hisui,りゅうせいぐん,
champions,goodra,hisui,だいもんじ,
champions,goodra,hisui,たてこもる,
champions,goodra,hisui,アシッドボム,
champions,goodra,hisui,ボディプレス,
champions,goodra,hisui,りゅうのはどう,
champions,gourgeist,default,おにび,
champions,gourgeist,default,ポルターガイスト,
champions,gourgeist,default,やどりぎのタネ,
champions,gourgeist,default,みちづれ,
champions,gourgeist,default,パワーウィップ,
champions,gourgeist,default,まもる,
champions,gourgeist,default,トリック,
champions,gourgeist,default,トリックルーム,
champions,gourgeist,default,だいばくはつ,
champions,gourgeist,default,かげうち,
champions,gourgeist,large,おにび,
champions,gourgeist,large,やどりぎのタネ,
champions,gourgeist,large,ポルターガイスト,
champions,gourgeist,large,トリックルーム,
champions,gourgeist,large,パワーウィップ,
champions,gourgeist,large,だいばくはつ,
champions,gourgeist,large,みちづれ,
champions,gourgeist,large,まもる,
champions,gourgeist,large,のろい,
champions,gourgeist,large,かげうち,
champions,gourgeist,small,ポルターガイスト,
champions,gourgeist,small,おにび,
champions,gourgeist,small,パワーウィップ,
champions,gourgeist,small,トリック,
champions,gourgeist,small,だいばくはつ,
champions,gourgeist,small,みちづれ,
champions,gourgeist,small,やどりぎのタネ,
champions,gourgeist,small,まもる,
champions,gourgeist,small,トリックルーム,
champions,gourgeist,small,かげうち,
champions,gourgeist,super,おにび,
champions,gourgeist,super,ポルターガイスト,
champions,gourgeist,super,やどりぎのタネ,
champions,gourgeist,super,トリックルーム,
champions,gourgeist,super,パワーウィップ,
champions,gourgeist,super,だいばくはつ,
champions,gourgeist,super,まもる,
champions,gourgeist,super,のろい,
champions,gourgeist,super,かげうち,
champions,gourgeist,super,みちづれ,
champions,greninja,ash,れいとうビーム,
champions,greninja,ash,あくのはどう,
champions,greninja,ash,ヘドロウェーブ,
champions,greninja,ash,みずしゅりけん,
champions,greninja,ash,なみのり,
champions,greninja,ash,くさむすび,
champions,greninja,ash,マッドショット,
champions,greninja,ash,ハイドロポンプ,
champions,greninja,ash,どくびし,
champions,greninja,battle-bond,れいとうビーム,
champions,greninja,battle-bond,あくのはどう,
champions,greninja,battle-bond,ヘドロウェーブ,
champions,greninja,battle-bond,みずしゅりけん,
champions,greninja,battle-bond,なみのり,
champions,greninja,battle-bond,くさむすび,
champions,greninja,battle-bond,マッドショット,
champions,greninja,battle-bond,ハイドロポンプ,
champions,greninja,battle-bond,どくびし,
champions,greninja,default,れいとうビーム,
champions,greninja,default,あくのはどう,
champions,greninja,default,ヘドロウェーブ,
champions,greninja,default,みずしゅりけん,
champions,greninja,default,なみのり,
champions,greninja,default,くさむすび,
champions,greninja,default,マッドショット,
champions,greninja,default,ハイドロポンプ,
champions,greninja,default,どくびし,
champions,gyarados,default,パワーウィップ,
champions,gyarados,default,ゆきなだれ,
champions,gyarados,default,たきのぼり,
champions,gyarados,default,ちょうはつ,
champions,gyarados,default,じしん,
champions,gyarados,default,やけっぱち,
champions,gyarados,default,りゅうのまい,
champions,gyarados,default,こおりのキバ,
champions,gyarados,default,でんじは,
champions,gyarados,default,かみくだく,
champions,hatterene,default,マジカルフレイム,
champions,hatterene,default,トリックルーム,
champions,hatterene,default,サイコキネシス,
champions,hatterene,default,ドレインキッス,
champions,hatterene,default,ミストバースト,
champions,hatterene,default,マジカルシャイン,
champions,hatterene,default,めいそう,
champions,hatterene,default,ギガドレイン,
champions,hatterene,default,サイコノイズ,
champions,hatterene,default,いやしのねがい,
champions,hawlucha,default,つるぎのまい,
champions,hawlucha,default,アクロバット,
champions,hawlucha,default,とびひざげり,
champions,hawlucha,default,インファイト,
champions,hawlucha,default,ブレイブバード,
champions,hawlucha,default,アンコール,
champions,hawlucha,default,ストーンエッジ,
champions,hawlucha,default,フライングプレス,
champions,hawlucha,default,ちょうはつ,
champions,hawlucha,default,ビルドアップ,
champions,heliolisk,default,１０まんボルト,
champions,heliolisk,default,しっぽきり,
champions,heliolisk,default,ボルトチェンジ,
champions,heliolisk,default,へびにらみ,
champions,heliolisk,default,くさむすび,
champions,heliolisk,default,りゅうのはどう,
champions,heliolisk,default,なみのり,
champions,heliolisk,default,きあいだま,
champions,heliolisk,default,ハイパーボイス,
champions,heliolisk,default,あくのはどう,
champions,heracross,default,インファイト,
champions,heracross,default,ロックブラスト,
champions,heracross,default,タネマシンガン,
champions,heracross,default,ミサイルばり,
champions,heracross,default,じしん,
champions,heracross,default,くさわけ,
champions,hippowdon,default,じしん,
champions,hippowdon,default,あくび,
champions,hippowdon,default,ステルスロック,
champions,hippowdon,default,ふきとばし,
champions,hippowdon,default,なまける,
champions,hippowdon,default,こおりのキバ,
champions,houndoom,default,あくのはどう,
champions,houndoom,default,かえんほうしゃ,
champions,houndoom,default,みちづれ,
champions,houndoom,default,ふいうち,
champions,houndoom,default,カウンター,
champions,houndoom,default,ヘドロばくだん,
champions,houndoom,default,オーバーヒート,
champions,houndoom,default,ソーラービーム,
champions,houndoom,default,わるだくみ,
champions,houndoom,default,だいもんじ,
champions,hydrapple,default,きまぐレーザー,
champions,hydrapple,default,だいちのちから,
champions,hydrapple,default,ギガドレイン,
champions,hydrapple,default,じこさいせい,
champions,hydrapple,default,リーフストーム,
champions,hydrapple,default,あくび,
champions,hydrapple,default,ふいうち,
champions,hydrapple,default,みずあめボム,
champions,hydrapple,default,エナジーボール,
champions,hydrapple,default,ハイドロポンプ,
champions,hydreigon,default,あくのはどう,
champions,hydreigon,default,りゅうせいぐん,
champions,hydreigon,default,とんぼがえり,
champions,hydreigon,default,かえんほうしゃ,
champions,hydreigon,default,だいもんじ,
champions,hydreigon,default,ラスターカノン,
champions,hydreigon,default,だいちのちから,
champions,hydreigon,default,ちょうはつ,
champions,incineroar,default,すてゼリフ,
champions,incineroar,default,フレアドライブ,
champions,incineroar,default,ＤＤラリアット,
champions,incineroar,default,おにび,
champions,incineroar,default,ねこだまし,
champions,incineroar,default,ちょうはつ,
champions,incineroar,default,じごくづき,
champions,incineroar,default,ドレインパンチ,
champions,infernape,default,ステルスロック,
champions,infernape,default,インファイト,
champions,infernape,default,アンコール,
champions,infernape,default,がんせきふうじ,
champions,infernape,default,おにび,
champions,infernape,default,マッハパンチ,
champions,infernape,default,フレアドライブ,
champions,infernape,default,かみなりパンチ,
champions,infernape,default,オーバーヒート,
champions,infernape,default,ほのおのパンチ,
champions,jolteon,default,１０まんボルト,
champions,jolteon,default,みわくのボイス,
champions,jolteon,default,ボルトチェンジ,
champions,jolteon,default,シャドーボール,
champions,jolteon,default,あくび,
champions,jolteon,default,でんじは,
champions,jolteon,default,めいそう,
champions,jolteon,default,かみなり,
champions,jolteon,default,まねっこ,
champions,jolteon,default,ほうでん,
champions,kangaskhan,default,れいとうパンチ,
champions,kangaskhan,default,ふいうち,
champions,kangaskhan,default,ねこだまし,
champions,kangaskhan,default,じしん,
champions,kangaskhan,default,すてみタックル,
champions,kangaskhan,default,ほのおのパンチ,
champions,kangaskhan,default,のしかかり,
champions,kangaskhan,default,ドレインパンチ,
champions,kangaskhan,default,とっておき,
champions,kangaskhan,default,かみなりパンチ,
champions,kingambit,default,ふいうち,
champions,kingambit,default,ドゲザン,
champions,kingambit,default,アイアンヘッド,
champions,kingambit,default,つるぎのまい,
champions,kingambit,default,メタルバースト,
champions,kingambit,default,ハサミギロチン,
champions,kingambit,default,けたぐり,
champions,kingambit,default,かわらわり,
champions,kleavor,default,がんせきアックス,
champions,kleavor,default,シザークロス,
champions,kleavor,default,インファイト,
champions,kleavor,default,つじぎり,
champions,kleavor,default,とんぼがえり,
champions,kleavor,default,フェイント,
champions,kleavor,default,でんこうせっか,
champions,kleavor,default,おいかぜ,
champions,kleavor,default,かわらわり,
champions,kleavor,default,カウンター,
champions,klefki,default,リフレクター,
champions,klefki,default,ひかりのかべ,
champions,klefki,default,てっていこうせん,
champions,klefki,default,でんじは,
champions,klefki,default,まきびし,
champions,klefki,default,イカサマ,
champions,klefki,default,ドレインキッス,
champions,klefki,default,めいそう,
champions,klefki,default,マジカルシャイン,
champions,klefki,default,でんじふゆう,
champions,kommo-o,default,スケイルノイズ,
champions,kommo-o,default,かえんほうしゃ,
champions,kommo-o,default,しんくうは,
champions,kommo-o,default,はどうだん,
champions,kommo-o,default,ソウルビート,
champions,kommo-o,default,ドレインパンチ,
champions,kommo-o,default,ちょうはつ,
champions,kommo-o,default,ラスターカノン,
champions,kommo-o,default,ばくおんぱ,
champions,kommo-o,default,ステルスロック,
champions,krookodile,default,じしん,
champions,krookodile,default,はたきおとす,
champions,krookodile,default,ステルスロック,
champions,krookodile,default,ちょうはつ,
champions,krookodile,default,インファイト,
champions,krookodile,default,ダストシュート,
champions,krookodile,default,がんせきふうじ,
champions,krookodile,default,かみくだく,
champions,krookodile,default,ストーンエッジ,
champions,krookodile,default,スケイルショット,
champions,leafeon,default,リーフブレード,
champions,leafeon,default,はたきおとす,
champions,leafeon,default,やどりぎのタネ,
champions,leafeon,default,ソーラーブレード,
champions,leafeon,default,こうごうせい,
champions,leafeon,default,つるぎのまい,
champions,leafeon,default,あくび,
champions,leafeon,default,シザークロス,
champions,leafeon,default,まもる,
champions,leafeon,default,あまえる,
champions,liepard,default,アンコール,
champions,liepard,default,イカサマ,
champions,liepard,default,まねっこ,
champions,liepard,default,まもる,
champions,liepard,default,あくび,
champions,liepard,default,ちょうはつ,
champions,liepard,default,ねこだまし,
champions,liepard,default,みがわり,
champions,liepard,default,バトンタッチ,
champions,liepard,default,でんじは,
champions,lopunny,default,ねこだまし,
champions,lopunny,default,インファイト,
champions,lopunny,default,トリプルアクセル,
champions,lopunny,default,マッハパンチ,
champions,lopunny,default,かみなりパンチ,
champions,lopunny,default,とびひざげり,
champions,lopunny,default,れいとうパンチ,
champions,lopunny,default,つるぎのまい,
champions,lopunny,default,とんぼがえり,
champions,lopunny,default,アンコール,
champions,lucario,default,あくのはどう,
champions,lucario,default,わるだくみ,
champions,lucario,default,はどうだん,
champions,lucario,default,ラスターカノン,
champions,lucario,default,しんくうは,
champions,lucario,default,てっていこうせん,
champions,lucario,default,インファイト,
champions,luxray,default,サンダーダイブ,
champions,luxray,default,こおりのキバ,
champions,luxray,default,ボルトチェンジ,
champions,luxray,default,ばかぢから,
champions,luxray,default,サイコファング,
champions,luxray,default,つぶらなひとみ,
champions,luxray,default,でんじは,
champions,luxray,default,でんこうせっか,
champions,luxray,default,ワイルドボルト,
champions,luxray,default,ほのおのキバ,
champions,lycanroc,default,アクセルロック,
champions,lycanroc,default,がむしゃら,
champions,lycanroc,default,ステルスロック,
champions,lycanroc,default,インファイト,
champions,lycanroc,default,いわなだれ,
champions,lycanroc,default,ちょうはつ,
champions,lycanroc,default,ドリルライナー,
champions,lycanroc,default,つるぎのまい,
champions,lycanroc,default,ストーンエッジ,
champions,lycanroc,default,ふいうち,
champions,lycanroc,dusk,アクセルロック,
champions,lycanroc,dusk,インファイト,
champions,lycanroc,dusk,がむしゃら,
champions,lycanroc,dusk,ステルスロック,
champions,lycanroc,dusk,カウンター,
champions,lycanroc,dusk,ドリルライナー,
champions,lycanroc,dusk,ちょうはつ,
champions,lycanroc,dusk,サイコファング,
champions,lycanroc,dusk,つるぎのまい,
champions,lycanroc,dusk,きしかいせい,
champions,lycanroc,midnight,ストーンエッジ,
champions,lycanroc,midnight,ふいうち,
champions,lycanroc,midnight,がむしゃら,
champions,lycanroc,midnight,カウンター,
champions,lycanroc,midnight,アイアンテール,
champions,lycanroc,midnight,ステルスロック,
champions,lycanroc,midnight,インファイト,
champions,lycanroc,midnight,じゃれつく,
champions,lycanroc,midnight,ちょうはつ,
champions,lycanroc,midnight,はやてがえし,
champions,machamp,default,ばくれつパンチ,
champions,machamp,default,ストーンエッジ,
champions,machamp,default,バレットパンチ,
champions,machamp,default,れいとうパンチ,
champions,machamp,default,はたきおとす,
champions,machamp,default,じしん,
champions,machamp,default,ＤＤラリアット,
champions,machamp,default,ほのおのパンチ,
champions,machamp,default,かみなりパンチ,
champions,machamp,default,アンコール,
champions,mamoswine,default,じしん,
champions,mamoswine,default,こおりのつぶて,
champions,mamoswine,default,つららおとし,
champions,mamoswine,default,ステルスロック,
champions,mamoswine,default,つららばり,
champions,mamoswine,default,がんせきふうじ,
champions,mamoswine,default,がむしゃら,
champions,mamoswine,default,ストーンエッジ,
champions,manectric,default,１０まんボルト,
champions,manectric,default,ボルトチェンジ,
champions,manectric,default,オーバーヒート,
champions,manectric,default,かえんほうしゃ,
champions,manectric,default,バークアウト,
champions,manectric,default,まもる,
champions,manectric,default,でんこうせっか,
champions,manectric,default,ハイパーボイス,
champions,manectric,default,みがわり,
champions,manectric,default,かみなり,
champions,maushold,default,ネズミざん,
champions,maushold,default,おかたづけ,
champions,maushold,default,アンコール,
champions,maushold,default,かみつく,
champions,maushold,default,タネマシンガン,
champions,maushold,default,バトンタッチ,
champions,maushold,default,じゃれつく,
champions,maushold,default,かみくだく,
champions,maushold,default,ちょうはつ,
champions,maushold,default,とんぼがえり,
champions,maushold,family-of-three,ネズミざん,
champions,maushold,family-of-three,おかたづけ,
champions,maushold,family-of-three,アンコール,
champions,maushold,family-of-three,かみつく,
champions,maushold,family-of-three,タネマシンガン,
champions,maushold,family-of-three,バトンタッチ,
champions,maushold,family-of-three,じゃれつく,
champions,maushold,family-of-three,かみくだく,
champions,maushold,family-of-three,ちょうはつ,
champions,maushold,family-of-three,とんぼがえり,
champions,medicham,default,インファイト,
champions,medicham,default,バレットパンチ,
champions,medicham,default,ねこだまし,
champions,medicham,default,しねんのずつき,
champions,medicham,default,れいとうパンチ,
champions,medicham,default,とびひざげり,
champions,medicham,default,サイコカッター,
champions,medicham,default,かみなりパンチ,
champions,medicham,default,ブレイズキック,
champions,medicham,default,どくづき,
champions,meganium,default,ウェザーボール,
champions,meganium,default,マジカルシャイン,
champions,meganium,default,ソーラービーム,
champions,meganium,default,こうごうせい,
champions,meganium,default,みがわり,
champions,meganium,default,だいちのちから,
champions,meganium,default,くさわけ,
champions,meowscarada,default,トリックフラワー,
champions,meowscarada,default,トリプルアクセル,
champions,meowscarada,default,はたきおとす,
champions,meowscarada,default,とんぼがえり,
champions,meowscarada,default,ふいうち,
champions,meowscarada,default,かみなりパンチ,
champions,meowscarada,default,じゃれつく,
champions,meowscarada,default,どくびし,
champions,meowstic,default,リフレクター,
champions,meowstic,default,ひかりのかべ,
champions,meowstic,default,あくび,
champions,meowstic,default,サイコキネシス,
champions,meowstic,default,みわくのボイス,
champions,meowstic,default,ワイドフォース,
champions,meowstic,default,１０まんボルト,
champions,meowstic,default,バトンタッチ,
champions,meowstic,default,めいそう,
champions,meowstic,default,サイコフィールド,
champions,meowstic,female,みわくのボイス,
champions,meowstic,female,サイコキネシス,
champions,meowstic,female,１０まんボルト,
champions,meowstic,female,あくのはどう,
champions,meowstic,female,わるだくみ,
champions,meowstic,female,ワイドフォース,
champions,meowstic,female,シャドーボール,
champions,meowstic,female,エナジーボール,
champions,meowstic,female,めいそう,
champions,meowstic,female,あくび,
champions,milotic,default,ねっとう,
champions,milotic,default,じこさいせい,
champions,milotic,default,れいとうビーム,
champions,milotic,default,ミラーコート,
champions,milotic,default,くろいきり,
champions,milotic,default,とぐろをまく,
champions,milotic,default,さいみんじゅつ,
champions,milotic,default,クイックターン,
champions,mimikyu,busted,じゃれつく,
champions,mimikyu,busted,かげうち,
champions,mimikyu,busted,つるぎのまい,
champions,mimikyu,busted,シャドークロー,
champions,mimikyu,busted,ウッドハンマー,
champions,mimikyu,busted,のろい,
champions,mimikyu,busted,ドレインパンチ,
champions,mimikyu,busted,トリックルーム,
champions,mimikyu,default,じゃれつく,
champions,mimikyu,default,かげうち,
champions,mimikyu,default,つるぎのまい,
champions,mimikyu,default,シャドークロー,
champions,mimikyu,default,ウッドハンマー,
champions,mimikyu,default,のろい,
champions,mimikyu,default,ドレインパンチ,
champions,mimikyu,default,トリックルーム,
champions,morpeko,default,オーラぐるま,
champions,morpeko,default,まもる,
champions,morpeko,default,がむしゃら,
champions,morpeko,default,でんこうせっか,
champions,morpeko,default,すてゼリフ,
champions,morpeko,default,ねこだまし,
champions,morpeko,default,はたきおとす,
champions,morpeko,default,ちょうはつ,
champions,morpeko,default,きしかいせい,
champions,morpeko,default,サイコファング,
champions,morpeko,hangry,オーラぐるま,
champions,morpeko,hangry,まもる,
champions,morpeko,hangry,がむしゃら,
champions,morpeko,hangry,でんこうせっか,
champions,morpeko,hangry,すてゼリフ,
champions,morpeko,hangry,ねこだまし,
champions,morpeko,hangry,はたきおとす,
champions,morpeko,hangry,ちょうはつ,
champions,morpeko,hangry,きしかいせい,
champions,morpeko,hangry,サイコファング,
champions,mr-rime,default,フリーズドライ,
champions,mr-rime,default,サイコキネシス,
champions,mr-rime,default,こおりのつぶて,
champions,mr-rime,default,ぜったいれいど,
champions,mr-rime,default,ミラーコート,
champions,mr-rime,default,れいとうビーム,
champions,mr-rime,default,こうそくスピン,
champions,mr-rime,default,アンコール,
champions,mr-rime,default,ワイドフォース,
champions,mr-rime,default,きあいだま,
champions,mudsdale,default,じしん,
champions,mudsdale,default,ボディプレス,
champions,mudsdale,default,ステルスロック,
champions,mudsdale,default,ほえる,
champions,mudsdale,default,ねむる,
champions,mudsdale,default,じわれ,
champions,mudsdale,default,てっぺき,
champions,mudsdale,default,うちおとす,
champions,mudsdale,default,ヘビーボンバー,
champions,mudsdale,default,ストーンエッジ,
champions,ninetales,alola,オーロラベール,
champions,ninetales,alola,フリーズドライ,
champions,ninetales,alola,アンコール,
champions,ninetales,alola,ふぶき,
champions,ninetales,alola,ムーンフォース,
champions,ninetales,alola,ミストフィールド,
champions,ninetales,default,ソーラービーム,
champions,ninetales,default,アンコール,
champions,ninetales,default,おにび,
champions,ninetales,default,かえんほうしゃ,
champions,ninetales,default,おきみやげ,
champions,ninetales,default,オーバーヒート,
champions,ninetales,default,マジカルフレイム,
champions,ninetales,default,ウェザーボール,
champions,ninetales,default,わるだくみ,
champions,ninetales,default,バトンタッチ,
champions,noivern,default,りゅうせいぐん,
champions,noivern,default,かえんほうしゃ,
champions,noivern,default,エアスラッシュ,
champions,noivern,default,とんぼがえり,
champions,noivern,default,ちょうはつ,
champions,noivern,default,すりかえ,
champions,noivern,default,ばくおんぱ,
champions,noivern,default,ぼうふう,
champions,noivern,default,ねっぷう,
champions,noivern,default,いかりのまえば,
champions,oranguru,default,サイコキネシス,
champions,oranguru,default,トリックルーム,
champions,oranguru,default,イカサマ,
champions,oranguru,default,シャドーボール,
champions,oranguru,default,１０まんボルト,
champions,oranguru,default,あくび,
champions,oranguru,default,アンコール,
champions,oranguru,default,さいはい,
champions,oranguru,default,ちょうはつ,
champions,oranguru,default,エナジーボール,
champions,orthworm,default,しっぽきり,
champions,orthworm,default,ボディプレス,
champions,orthworm,default,ステルスロック,
champions,orthworm,default,ヘビーボンバー,
champions,orthworm,default,てっぺき,
champions,orthworm,default,メタルバースト,
champions,orthworm,default,がんせきふうじ,
champions,orthworm,default,アイアンヘッド,
champions,orthworm,default,じしん,
champions,orthworm,default,ねむる,
champions,palafin,default,ジェットパンチ,
champions,palafin,default,れいとうパンチ,
champions,palafin,default,ウェーブタックル,
champions,palafin,default,クイックターン,
champions,palafin,default,インファイト,
champions,palafin,default,ドレインパンチ,
champions,palafin,default,ビルドアップ,
champions,palafin,default,みがわり,
champions,palafin,hero,ジェットパンチ,
champions,palafin,hero,れいとうパンチ,
champions,palafin,hero,ウェーブタックル,
champions,palafin,hero,クイックターン,
champions,palafin,hero,インファイト,
champions,palafin,hero,ドレインパンチ,
champions,palafin,hero,ビルドアップ,
champions,palafin,hero,みがわり,
champions,pangoro,default,バレットパンチ,
champions,pangoro,default,インファイト,
champions,pangoro,default,ＤＤラリアット,
champions,pangoro,default,ドレインパンチ,
champions,pangoro,default,ほうふく,
champions,pangoro,default,れいとうパンチ,
champions,pangoro,default,ぶちかまし,
champions,pangoro,default,はたきおとす,
champions,pangoro,default,ダストシュート,
champions,pangoro,default,やまあらし,
champions,passimian,default,インファイト,
champions,passimian,default,ドレインパンチ,
champions,passimian,default,はたきおとす,
champions,passimian,default,いわなだれ,
champions,passimian,default,じしん,
champions,passimian,default,ダストシュート,
champions,passimian,default,とんぼがえり,
champions,passimian,default,がんせきふうじ,
champions,passimian,default,カウンター,
champions,passimian,default,アイアンヘッド,
champions,pelipper,default,ぼうふう,
champions,pelipper,default,とんぼがえり,
champions,pelipper,default,れいとうビーム,
champions,pelipper,default,なみのり,
champions,pelipper,default,ウェザーボール,
champions,pelipper,default,おいかぜ,
champions,pelipper,default,はねやすめ,
champions,pelipper,default,ハイドロポンプ,
champions,pidgeot,default,ぼうふう,
champions,pidgeot,default,ねっぷう,
champions,pidgeot,default,はかいこうせん,
champions,pidgeot,default,はねやすめ,
champions,pidgeot,default,みがわり,
champions,pidgeot,default,でんこうせっか,
champions,pidgeot,default,とんぼがえり,
champions,pidgeot,default,おいかぜ,
champions,pidgeot,default,ふきとばし,
champions,pidgeot,default,フェザーダンス,
champions,pikachu,default,でんこうせっか,
champions,pikachu,default,ボルテッカー,
champions,pikachu,default,くさむすび,
champions,pikachu,default,１０まんボルト,
champions,pikachu,default,なみのり,
champions,pikachu,default,ねこだまし,
champions,pikachu,default,がむしゃら,
champions,pikachu,default,アンコール,
champions,pikachu,default,ほっぺすりすり,
champions,pikachu,default,かみなり,
champions,pinsir,default,でんこうせっか,
champions,pinsir,default,つるぎのまい,
champions,pinsir,default,やまあらし,
champions,pinsir,default,のしかかり,
champions,pinsir,default,あばれる,
champions,pinsir,default,じしん,
champions,pinsir,default,ハサミギロチン,
champions,pinsir,default,ビルドアップ,
champions,pinsir,default,フェイント,
champions,pinsir,default,インファイト,
champions,politoed,default,アンコール,
champions,politoed,default,れいとうビーム,
champions,politoed,default,なみのり,
champions,politoed,default,ほろびのうた,
champions,politoed,default,まもる,
champions,politoed,default,ウェザーボール,
champions,politoed,default,がむしゃら,
champions,politoed,default,だいちのちから,
champions,politoed,default,さいみんじゅつ,
champions,polteageist,default,からをやぶる,
champions,polteageist,default,シャドーボール,
champions,polteageist,default,バトンタッチ,
champions,polteageist,default,ちからをすいとる,
champions,polteageist,default,アシストパワー,
champions,polteageist,default,ギガドレイン,
champions,primarina,default,ムーンフォース,
champions,primarina,default,うたかたのアリア,
champions,primarina,default,アクアジェット,
champions,primarina,default,アンコール,
champions,primarina,default,めいそう,
champions,primarina,default,クイックターン,
champions,primarina,default,なみのり,
champions,primarina,default,ねむる,
champions,primarina,default,れいとうビーム,
champions,quaquaval,default,アクアステップ,
champions,quaquaval,default,インファイト,
champions,quaquaval,default,トリプルアクセル,
champions,quaquaval,default,アクアジェット,
champions,quaquaval,default,アイススピナー,
champions,quaquaval,default,つるぎのまい,
champions,quaquaval,default,アンコール,
champions,quaquaval,default,はたきおとす,
champions,quaquaval,default,こうそくスピン,
champions,quaquaval,default,バトンタッチ,
champions,raichu,alola,ライジングボルト,
champions,raichu,alola,サイコキネシス,
champions,raichu,alola,みわくのボイス,
champions,raichu,alola,わるだくみ,
champions,raichu,alola,くさむすび,
champions,raichu,alola,なみのり,
champions,raichu,alola,エレキフィールド,
champions,raichu,alola,アンコール,
champions,raichu,alola,１０まんボルト,
champions,raichu,alola,マジカルシャイン,
champions,raichu,default,でんじほう,
champions,raichu,default,きあいだま,
champions,raichu,default,くさむすび,
champions,raichu,default,みがわり,
champions,raichu,default,ボルトチェンジ,
champions,raichu,default,わるだくみ,
champions,raichu,default,ねこだまし,
champions,raichu,default,アンコール,
champions,raichu,default,みわくのボイス,
champions,raichu,default,なみのり,
champions,rampardos,default,もろはのずつき,
champions,rampardos,default,じしん,
champions,rampardos,default,サンダーダイブ,
champions,rampardos,default,ほのおのパンチ,
champions,rampardos,default,アイアンヘッド,
champions,rampardos,default,ばかぢから,
champions,rampardos,default,げきりん,
champions,rampardos,default,いわなだれ,
champions,rampardos,default,かみなりパンチ,
champions,rampardos,default,しねんのずつき,
champions,reuniclus,default,トリックルーム,
champions,reuniclus,default,きあいだま,
champions,reuniclus,default,サイコキネシス,
champions,reuniclus,default,シャドーボール,
champions,reuniclus,default,じこさいせい,
champions,reuniclus,default,サイコノイズ,
champions,reuniclus,default,めいそう,
champions,reuniclus,default,エナジーボール,
champions,reuniclus,default,くさむすび,
champions,reuniclus,default,アシストパワー,
champions,rhyperior,default,じしん,
champions,rhyperior,default,れいとうパンチ,
champions,rhyperior,default,ストーンエッジ,
champions,rhyperior,default,メタルバースト,
champions,rhyperior,default,ロックブラスト,
champions,rhyperior,default,サンダーダイブ,
champions,rhyperior,default,つのドリル,
champions,rhyperior,default,がんせきほう,
champions,rhyperior,default,ゆきなだれ,
champions,rhyperior,default,やけっぱち,
champions,roserade,default,ヘドロばくだん,
champions,roserade,default,シャドーボール,
champions,roserade,default,リーフストーム,
champions,roserade,default,マジカルシャイン,
champions,roserade,default,ギガドレイン,
champions,roserade,default,やどりぎのタネ,
champions,roserade,default,ねむりごな,
champions,roserade,default,エナジーボール,
champions,roserade,default,どくびし,
champions,roserade,default,どくどく,
champions,rotom,default,おにび,
champions,rotom,default,１０まんボルト,
champions,rotom,default,シャドーボール,
champions,rotom,default,ボルトチェンジ,
champions,rotom,default,たたりめ,
champions,rotom,default,トリック,
champions,rotom,default,でんじは,
champions,rotom,default,いたみわけ,
champions,rotom,default,ほうでん,
champions,rotom,default,あくのはどう,
champions,rotom,fan,エアスラッシュ,
champions,rotom,fan,ボルトチェンジ,
champions,rotom,fan,おにび,
champions,rotom,fan,１０まんボルト,
champions,rotom,fan,いたみわけ,
champions,rotom,fan,トリック,
champions,rotom,fan,ほうでん,
champions,rotom,fan,シャドーボール,
champions,rotom,fan,でんじは,
champions,rotom,fan,わるだくみ,
champions,rotom,frost,ふぶき,
champions,rotom,frost,ボルトチェンジ,
champions,rotom,frost,１０まんボルト,
champions,rotom,frost,おにび,
champions,rotom,frost,トリック,
champions,rotom,frost,シャドーボール,
champions,rotom,frost,かみなり,
champions,rotom,frost,いたみわけ,
champions,rotom,frost,わるだくみ,
champions,rotom,frost,ほうでん,
champions,rotom,heat,オーバーヒート,
champions,rotom,heat,ボルトチェンジ,
champions,rotom,heat,おにび,
champions,rotom,heat,１０まんボルト,
champions,rotom,heat,いたみわけ,
champions,rotom,heat,トリック,
champions,rotom,heat,イカサマ,
champions,rotom,heat,ほうでん,
champions,rotom,heat,わるだくみ,
champions,rotom,mow,リーフストーム,
champions,rotom,mow,ボルトチェンジ,
champions,rotom,mow,１０まんボルト,
champions,rotom,mow,おにび,
champions,rotom,mow,トリック,
champions,rotom,mow,かみなり,
champions,rotom,mow,シャドーボール,
champions,rotom,mow,あくのはどう,
champions,rotom,mow,いたみわけ,
champions,rotom,mow,でんじは,
champions,rotom,wash,ハイドロポンプ,
champions,rotom,wash,ボルトチェンジ,
champions,rotom,wash,おにび,
champions,rotom,wash,１０まんボルト,
champions,rotom,wash,いたみわけ,
champions,rotom,wash,トリック,
champions,rotom,wash,ひかりのかべ,
champions,rotom,wash,ほうでん,
champions,runerigus,default,ステルスロック,
champions,runerigus,default,じしん,
champions,runerigus,default,おにび,
champions,runerigus,default,トリックルーム,
champions,runerigus,default,のろい,
champions,runerigus,default,ポルターガイスト,
champions,runerigus,default,みちづれ,
champions,runerigus,default,おきみやげ,
champions,runerigus,default,ボディプレス,
champions,runerigus,default,どくびし,
champions,sableye,default,イカサマ,
champions,sableye,default,アンコール,
champions,sableye,default,おにび,
champions,sableye,default,ひかりのかべ,
champions,sableye,default,じこさいせい,
champions,sableye,default,リフレクター,
champions,sableye,default,ちょうはつ,
champions,sableye,default,かなしばり,
champions,sableye,default,メタルバースト,
champions,sableye,default,めいそう,
champions,salazzle,default,どくどく,
champions,salazzle,default,アンコール,
champions,salazzle,default,かえんほうしゃ,
champions,salazzle,default,がむしゃら,
champions,salazzle,default,オーバーヒート,
champions,salazzle,default,まもる,
champions,salazzle,default,ヘドロウェーブ,
champions,salazzle,default,ヘドロばくだん,
champions,salazzle,default,かなしばり,
champions,salazzle,default,どくびし,
champions,samurott,default,れいとうビーム,
champions,samurott,default,しんくうは,
champions,samurott,default,なみのり,
champions,samurott,default,ハイドロポンプ,
champions,samurott,default,くさむすび,
champions,samurott,default,アンコール,
champions,samurott,default,アクアジェット,
champions,samurott,default,ちょうはつ,
champions,samurott,default,はたきおとす,
champions,samurott,default,クイックターン,
champions,samurott,hisui,ひけん・ちえなみ,
champions,samurott,hisui,せいなるつるぎ,
champions,samurott,hisui,ふいうち,
champions,samurott,hisui,シェルブレード,
champions,samurott,hisui,アクアカッター,
champions,samurott,hisui,クイックターン,
champions,samurott,hisui,アンコール,
champions,samurott,hisui,つるぎのまい,
champions,samurott,hisui,アクアジェット,
champions,samurott,hisui,れいとうビーム,
champions,sandaconda,default,じしん,
champions,sandaconda,default,ステルスロック,
champions,sandaconda,default,へびにらみ,
champions,sandaconda,default,がむしゃら,
champions,sandaconda,default,ちいさくなる,
champions,sandaconda,default,がんせきふうじ,
champions,sandaconda,default,とぐろをまく,
champions,sandaconda,default,ボディプレス,
champions,sandaconda,default,ストーンエッジ,
champions,sandaconda,default,ねむる,
champions,scizor,default,バレットパンチ,
champions,scizor,default,とんぼがえり,
champions,scizor,default,つるぎのまい,
champions,scizor,default,はねやすめ,
champions,scizor,default,はたきおとす,
champions,scizor,default,インファイト,
champions,scizor,default,ダブルウイング,
champions,scizor,default,きりばらい,
champions,scizor,default,のろい,
champions,scizor,default,むしくい,
champions,scovillain,default,まもる,
champions,scovillain,default,やどりぎのタネ,
champions,scovillain,default,ギガドレイン,
champions,scovillain,default,かえんほうしゃ,
champions,scovillain,default,リーフストーム,
champions,scovillain,default,しっとのほのお,
champions,scovillain,default,みがわり,
champions,scovillain,default,オーバーヒート,
champions,serperior,default,リーフストーム,
champions,serperior,default,へびにらみ,
champions,serperior,default,りゅうのはどう,
champions,serperior,default,ちょうはつ,
champions,serperior,default,やどりぎのタネ,
champions,serperior,default,ギガドレイン,
champions,serperior,default,みがわり,
champions,serperior,default,ミラーコート,
champions,serperior,default,こうごうせい,
champions,serperior,default,リフレクター,
champions,sharpedo,default,まもる,
champions,sharpedo,default,みちづれ,
champions,sharpedo,default,かみくだく,
champions,sharpedo,default,こおりのキバ,
champions,sharpedo,default,インファイト,
champions,sharpedo,default,アクアブレイク,
champions,sharpedo,default,れいとうビーム,
champions,sharpedo,default,たきのぼり,
champions,sharpedo,default,サイコファング,
champions,sharpedo,default,ゆきなだれ,
champions,simipour,default,れいとうビーム,
champions,simipour,default,きあいだま,
champions,simipour,default,ハイドロポンプ,
champions,simipour,default,クイックターン,
champions,simipour,default,くさむすび,
champions,simipour,default,ねっとう,
champions,simipour,default,なみのり,
champions,simipour,default,ねこだまし,
champions,simipour,default,わるだくみ,
champions,simipour,default,ちょうはつ,
champions,simisage,default,リーフストーム,
champions,simisage,default,ねこだまし,
champions,simisage,default,いわなだれ,
champions,simisage,default,きあいだま,
champions,simisage,default,タネばくだん,
champions,simisage,default,ちょうはつ,
champions,simisage,default,やどりぎのタネ,
champions,simisage,default,ダストシュート,
champions,simisage,default,がんせきふうじ,
champions,simisage,default,ギガドレイン,
champions,simisear,default,かえんほうしゃ,
champions,simisear,default,くさむすび,
champions,simisear,default,ねっさのだいち,
champions,simisear,default,あくび,
champions,simisear,default,おにび,
champions,simisear,default,フレアドライブ,
champions,simisear,default,オーバーヒート,
champions,simisear,default,いわなだれ,
champions,simisear,default,きあいだま,
champions,simisear,default,ダストシュート,
champions,sinistcha,default,シャカシャカほう,
champions,sinistcha,default,ちからをすいとる,
champions,sinistcha,default,シャドーボール,
champions,sinistcha,default,めいそう,
champions,sinistcha,default,ねっとう,
champions,sinistcha,default,トリックルーム,
champions,sinistcha,default,のろい,
champions,sinistcha,default,てっぺき,
champions,sinistcha,default,まもる,
champions,sinistcha,default,たたりめ,
champions,skarmory,default,はねやすめ,
champions,skarmory,default,ステルスロック,
champions,skarmory,default,ふきとばし,
champions,skarmory,default,ボディプレス,
champions,skarmory,default,てっぺき,
champions,skarmory,default,まきびし,
champions,skarmory,default,ちょうはつ,
champions,skarmory,default,アイアンヘッド,
champions,skarmory,default,ブレイブバード,
champions,skarmory,default,つるぎのまい,
champions,skeledirge,default,フレアソング,
champions,skeledirge,default,なまける,
champions,skeledirge,default,おにび,
champions,skeledirge,default,シャドーボール,
champions,skeledirge,default,たたりめ,
champions,skeledirge,default,あくび,
champions,slowbro,default,なまける,
champions,slowbro,default,ねっとう,
champions,slowbro,default,てっぺき,
champions,slowbro,default,れいとうビーム,
champions,slowbro,default,ボディプレス,
champions,slowbro,default,めいそう,
champions,slowbro,default,かえんほうしゃ,
champions,slowbro,default,サイコキネシス,
champions,slowbro,default,あくび,
champions,slowbro,default,トリックルーム,
champions,slowbro,galar,れいとうビーム,
champions,slowbro,galar,シェルアームズ,
champions,slowbro,galar,かえんほうしゃ,
champions,slowbro,galar,サイコキネシス,
champions,slowbro,galar,だいもんじ,
champions,slowbro,galar,なまける,
champions,slowbro,galar,ヘドロウェーブ,
champions,slowbro,galar,パワージェム,
champions,slowbro,galar,サイコショック,
champions,slowking,default,さむいギャグ,
champions,slowking,default,ねっとう,
champions,slowking,default,あくび,
champions,slowking,default,なまける,
champions,slowking,default,れいとうビーム,
champions,slowking,default,サイコキネシス,
champions,slowking,default,トリックルーム,
champions,slowking,default,かえんほうしゃ,
champions,slowking,default,なみのり,
champions,slowking,default,サイコノイズ,
champions,slowking,galar,さむいギャグ,
champions,slowking,galar,かえんほうしゃ,
champions,slowking,galar,ヘドロばくだん,
champions,slowking,galar,なまける,
champions,slowking,galar,どくどく,
champions,slowking,galar,れいとうビーム,
champions,slowking,galar,ヘドロウェーブ,
champions,slowking,galar,サイコキネシス,
champions,slowking,galar,あくび,
champions,slowking,galar,トリックルーム,
champions,slurpuff,default,あくび,
champions,slurpuff,default,ねばねばネット,
champions,slurpuff,default,マジカルシャイン,
champions,slurpuff,default,ミストバースト,
champions,slurpuff,default,がむしゃら,
champions,slurpuff,default,かえんほうしゃ,
champions,slurpuff,default,ドレインキッス,
champions,slurpuff,default,めいそう,
champions,slurpuff,default,しんぴのまもり,
champions,slurpuff,default,コットンガード,
champions,sneasler,default,インファイト,
champions,sneasler,default,フェイタルクロー,
champions,sneasler,default,つるぎのまい,
champions,sneasler,default,じごくづき,
champions,sneasler,default,ねこだまし,
champions,sneasler,default,アクロバット,
champions,sneasler,default,ほのおのパンチ,
champions,sneasler,default,シャドークロー,
champions,sneasler,default,とんぼがえり,
champions,snorlax,default,じしん,
champions,snorlax,default,じわれ,
champions,snorlax,default,あくび,
champions,snorlax,default,れいとうパンチ,
champions,snorlax,default,ねむる,
champions,snorlax,default,うちおとす,
champions,snorlax,default,のしかかり,
champions,snorlax,default,じばく,
champions,snorlax,default,カウンター,
champions,snorlax,default,ヒートスタンプ,
champions,spiritomb,default,イカサマ,
champions,spiritomb,default,おにび,
champions,spiritomb,default,トリックルーム,
champions,spiritomb,default,いたみわけ,
champions,spiritomb,default,みちづれ,
champions,spiritomb,default,のろい,
champions,spiritomb,default,おきみやげ,
champions,spiritomb,default,ふいうち,
champions,spiritomb,default,たたりめ,
champions,spiritomb,default,どくどく,
champions,starmie,default,アクアジェット,
champions,starmie,default,アイススピナー,
champions,starmie,default,アクアブレイク,
champions,starmie,default,クイックターン,
champions,starmie,default,サイコカッター,
champions,starmie,default,しねんのずつき,
champions,starmie,default,れいとうビーム,
champions,starmie,default,こうそくスピン,
champions,starmie,default,１０まんボルト,
champions,starmie,default,たきのぼり,
champions,steelix,default,じしん,
champions,steelix,default,ボディプレス,
champions,steelix,default,ヘビーボンバー,
champions,steelix,default,ステルスロック,
champions,steelix,default,てっぺき,
champions,steelix,default,ドラゴンテール,
champions,steelix,default,こおりのキバ,
champions,steelix,default,ジャイロボール,
champions,steelix,default,じわれ,
champions,steelix,default,ねむる,
champions,stunfisk,default,ステルスロック,
champions,stunfisk,default,あくび,
champions,stunfisk,default,だいちのちから,
champions,stunfisk,default,１０まんボルト,
champions,stunfisk,default,じわれ,
champions,stunfisk,default,ほうでん,
champions,stunfisk,default,イカサマ,
champions,stunfisk,default,でんじは,
champions,stunfisk,default,ねっとう,
champions,stunfisk,default,ふいうち,
champions,stunfisk,galar,トラバサミ,
champions,stunfisk,galar,あくび,
champions,stunfisk,galar,ステルスロック,
champions,stunfisk,galar,じわれ,
champions,stunfisk,galar,まもる,
champions,stunfisk,galar,カウンター,
champions,stunfisk,galar,じしん,
champions,stunfisk,galar,ふいうち,
champions,stunfisk,galar,イカサマ,
champions,stunfisk,galar,あなをほる,
champions,sylveon,default,ハイパーボイス,
champions,sylveon,default,あくび,
champions,sylveon,default,ねがいごと,
champions,sylveon,default,まもる,
champions,sylveon,default,マジカルフレイム,
champions,sylveon,default,でんこうせっか,
champions,sylveon,default,はかいこうせん,
champions,sylveon,default,めいそう,
champions,sylveon,default,シャドーボール,
champions,sylveon,default,みきり,
champions,talonflame,default,おにび,
champions,talonflame,default,ちょうはつ,
champions,talonflame,default,はねやすめ,
champions,talonflame,default,フレアドライブ,
champions,talonflame,default,ブレイブバード,
champions,talonflame,default,おいかぜ,
champions,talonflame,default,とんぼがえり,
champions,talonflame,default,アクロバット,
champions,talonflame,default,かえんほうしゃ,
champions,talonflame,default,エアスラッシュ,
champions,tauros,default,アイアンヘッド,
champions,tauros,default,レイジングブル,
champions,tauros,default,インファイト,
champions,tauros,default,じしん,
champions,tauros,default,いわなだれ,
champions,tauros,default,れいとうビーム,
champions,tauros,default,じごくづき,
champions,tauros,default,１０まんボルト,
champions,tauros,default,のしかかり,
champions,tauros,default,だいもんじ,
champions,tauros,paldea-aqua-breed,インファイト,
champions,tauros,paldea-aqua-breed,レイジングブル,
champions,tauros,paldea-aqua-breed,アクアジェット,
champions,tauros,paldea-aqua-breed,ワイルドボルト,
champions,tauros,paldea-aqua-breed,じしん,
champions,tauros,paldea-aqua-breed,ウェーブタックル,
champions,tauros,paldea-aqua-breed,ビルドアップ,
champions,tauros,paldea-aqua-breed,がんせきふうじ,
champions,tauros,paldea-aqua-breed,げきりん,
champions,tauros,paldea-aqua-breed,ボディプレス,
champions,tauros,paldea-blaze-breed,インファイト,
champions,tauros,paldea-blaze-breed,レイジングブル,
champions,tauros,paldea-blaze-breed,ワイルドボルト,
champions,tauros,paldea-blaze-breed,じしん,
champions,tauros,paldea-blaze-breed,フレアドライブ,
champions,tauros,paldea-blaze-breed,ストーンエッジ,
champions,tauros,paldea-blaze-breed,おにび,
champions,tauros,paldea-blaze-breed,がんせきふうじ,
champions,tauros,paldea-blaze-breed,ニトロチャージ,
champions,tauros,paldea-blaze-breed,いわなだれ,
champions,tauros,paldea-combat-breed,レイジングブル,
champions,tauros,paldea-combat-breed,じしん,
champions,tauros,paldea-combat-breed,インファイト,
champions,tauros,paldea-combat-breed,アイアンヘッド,
champions,tauros,paldea-combat-breed,ワイルドボルト,
champions,tauros,paldea-combat-breed,げきりん,
champions,tauros,paldea-combat-breed,ストーンエッジ,
champions,tauros,paldea-combat-breed,ビルドアップ,
champions,tauros,paldea-combat-breed,がんせきふうじ,
champions,tauros,paldea-combat-breed,いわなだれ,
champions,tinkaton,default,デカハンマー,
champions,tinkaton,default,アンコール,
champions,tinkaton,default,ステルスロック,
champions,tinkaton,default,でんじは,
champions,tinkaton,default,じゃれつく,
champions,tinkaton,default,はたきおとす,
champions,tinkaton,default,アイスハンマー,
champions,tinkaton,default,つるぎのまい,
champions,tinkaton,default,ねこだまし,
champions,tinkaton,default,がんせきふうじ,
champions,torkoal,default,ステルスロック,
champions,torkoal,default,あくび,
champions,torkoal,default,オーバーヒート,
champions,torkoal,default,ソーラービーム,
champions,torkoal,default,じばく,
champions,torkoal,default,かえんほうしゃ,
champions,torkoal,default,ふんか,
champions,torkoal,default,ふんえん,
champions,torkoal,default,おにび,
champions,torkoal,default,クリアスモッグ,
champions,torterra,default,からをやぶる,
champions,torterra,default,ぶちかまし,
champions,torterra,default,ウッドハンマー,
champions,torterra,default,じしん,
champions,torterra,default,ロックブラスト,
champions,torterra,default,タネマシンガン,
champions,torterra,default,タネばくだん,
champions,torterra,default,いわなだれ,
champions,torterra,default,ストーンエッジ,
champions,torterra,default,ヘビーボンバー,
champions,toucannon,default,くちばしキャノン,
champions,toucannon,default,タネマシンガン,
champions,toucannon,default,ロックブラスト,
champions,toucannon,default,アンコール,
champions,toucannon,default,はねやすめ,
champions,toucannon,default,とんぼがえり,
champions,toucannon,default,はたきおとす,
champions,toucannon,default,やけっぱち,
champions,toxapex,default,じこさいせい,
champions,toxapex,default,どくどく,
champions,toxapex,default,まとわりつく,
champions,toxapex,default,くろいきり,
champions,toxapex,default,トーチカ,
champions,toxapex,default,アクアブレイク,
champions,toxapex,default,どくびし,
champions,toxicroak,default,インファイト,
champions,toxicroak,default,ふいうち,
champions,toxicroak,default,ダストシュート,
champions,toxicroak,default,どくづき,
champions,toxicroak,default,ドレインパンチ,
champions,toxicroak,default,れいとうパンチ,
champions,toxicroak,default,じしん,
champions,toxicroak,default,ねこだまし,
champions,toxicroak,default,カウンター,
champions,toxicroak,default,ビルドアップ,
champions,trevenant,default,やどりぎのタネ,
champions,trevenant,default,おにび,
champions,trevenant,default,まもる,
champions,trevenant,default,ウッドホーン,
champions,trevenant,default,のろい,
champions,trevenant,default,みがわり,
champions,trevenant,default,ポルターガイスト,
champions,trevenant,default,どくどく,
champions,trevenant,default,トリックルーム,
champions,trevenant,default,ゴーストダイブ,
champions,tsareena,default,トリプルアクセル,
champions,tsareena,default,とびひざげり,
champions,tsareena,default,トロピカルキック,
champions,tsareena,default,こうそくスピン,
champions,tsareena,default,パワーウィップ,
champions,tsareena,default,はたきおとす,
champions,tsareena,default,とんぼがえり,
champions,tsareena,default,ちょうはつ,
champions,tsareena,default,じゃれつく,
champions,tsareena,default,こうごうせい,
champions,typhlosion,default,ふんか,
champions,typhlosion,default,ねっさのだいち,
champions,typhlosion,default,シャドーボール,
champions,typhlosion,default,かえんほうしゃ,
champions,typhlosion,default,もえつきる,
champions,typhlosion,default,きあいだま,
champions,typhlosion,default,がむしゃら,
champions,typhlosion,default,でんこうせっか,
champions,typhlosion,default,オーバーヒート,
champions,typhlosion,default,おにび,
champions,typhlosion,hisui,ふんか,
champions,typhlosion,hisui,ひゃっきやこう,
champions,typhlosion,hisui,シャドーボール,
champions,typhlosion,hisui,きあいだま,
champions,typhlosion,hisui,かえんほうしゃ,
champions,typhlosion,hisui,おにび,
champions,typhlosion,hisui,もえつきる,
champions,typhlosion,hisui,じんつうりき,
champions,typhlosion,hisui,オーバーヒート,
champions,typhlosion,hisui,のろい,
champions,tyranitar,default,はたきおとす,
champions,tyranitar,default,ストーンエッジ,
champions,tyranitar,default,れいとうパンチ,
champions,tyranitar,default,ステルスロック,
champions,tyranitar,default,じしん,
champions,tyranitar,default,りゅうのまい,
champions,tyranitar,default,がんせきふうじ,
champions,tyranitar,default,ほえる,
champions,tyranitar,default,いわなだれ,
champions,tyranitar,default,ばかぢから,
champions,tyrantrum,default,もろはのずつき,
champions,tyrantrum,default,じしん,
champions,tyrantrum,default,げきりん,
champions,tyrantrum,default,こおりのキバ,
champions,tyrantrum,default,りゅうのまい,
champions,tyrantrum,default,インファイト,
champions,tyrantrum,default,ほのおのキバ,
champions,tyrantrum,default,サイコファング,
champions,tyrantrum,default,かみくだく,
champions,tyrantrum,default,かみなりのキバ,
champions,umbreon,default,イカサマ,
champions,umbreon,default,まもる,
champions,umbreon,default,ねがいごと,
champions,umbreon,default,あくび,
champions,umbreon,default,どくどく,
champions,umbreon,default,つきのひかり,
champions,umbreon,default,みきり,
champions,vanilluxe,default,フリーズドライ,
champions,vanilluxe,default,ふぶき,
champions,vanilluxe,default,こおりのつぶて,
champions,vanilluxe,default,オーロラベール,
champions,vanilluxe,default,ちょうはつ,
champions,vanilluxe,default,ぜったいれいど,
champions,vanilluxe,default,ミラーコート,
champions,vanilluxe,default,だいばくはつ,
champions,vaporeon,default,ねがいごと,
champions,vaporeon,default,クイックターン,
champions,vaporeon,default,あくび,
champions,vaporeon,default,ねっとう,
champions,vaporeon,default,まもる,
champions,vaporeon,default,れいとうビーム,
champions,vaporeon,default,とける,
champions,vaporeon,default,めいそう,
champions,vaporeon,default,バトンタッチ,
champions,vaporeon,default,ねむる,
champions,venusaur,default,だいちのちから,
champions,venusaur,default,ギガドレイン,
champions,venusaur,default,ヘドロばくだん,
champions,venusaur,default,こうごうせい,
champions,venusaur,default,やどりぎのタネ,
champions,venusaur,default,ヘドロウェーブ,
champions,venusaur,default,ウェザーボール,
champions,venusaur,default,ねむりごな,
champions,venusaur,default,どくどく,
champions,venusaur,default,せいちょう,
champions,victreebel,default,ちからをすいとる,
champions,victreebel,default,ギガドレイン,
champions,victreebel,default,ふいうち,
champions,victreebel,default,ヘドロばくだん,
champions,victreebel,default,ヘドロウェーブ,
champions,victreebel,default,アンコール,
champions,victreebel,default,はたきおとす,
champions,victreebel,default,どくづき,
champions,victreebel,default,リーフストーム,
champions,victreebel,default,どくどく,
champions,vivillon,default,ねむりごな,
champions,vivillon,default,ちょうのまい,
champions,vivillon,default,ぼうふう,
champions,vivillon,default,みがわり,
champions,vivillon,default,むしのさざめき,
champions,volcarona,default,ちょうのまい,
champions,volcarona,default,ほのおのまい,
champions,volcarona,default,ギガドレイン,
champions,volcarona,default,あさのひざし,
champions,volcarona,default,むしのさざめき,
champions,volcarona,default,おにび,
champions,volcarona,default,マジカルフレイム,
champions,volcarona,default,サイコキネシス,
champions,volcarona,default,かえんほうしゃ,
champions,watchog,default,れいとうパンチ,
champions,watchog,default,すてみタックル,
champions,watchog,default,かみくだく,
champions,watchog,default,いかりのまえば,
champions,watchog,default,ほのおのパンチ,
champions,watchog,default,ギガインパクト,
champions,watchog,default,ダストシュート,
champions,watchog,default,さいみんじゅつ,
champions,watchog,default,つるぎのまい,
champions,watchog,default,かえんほうしゃ,
champions,weavile,default,はたきおとす,
champions,weavile,default,トリプルアクセル,
champions,weavile,default,こおりのつぶて,
champions,weavile,default,ねこだまし,
champions,weavile,default,どくづき,
champions,weavile,default,カウンター,
champions,weavile,default,ちょうはつ,
champions,weavile,default,アイススピナー,
champions,weavile,default,つららおとし,
champions,weavile,default,じごくづき,
champions,whimsicott,default,ムーンフォース,
champions,whimsicott,default,アンコール,
champions,whimsicott,default,おいかぜ,
champions,whimsicott,default,やどりぎのタネ,
champions,whimsicott,default,おきみやげ,
champions,whimsicott,default,みがわり,
champions,whimsicott,default,がむしゃら,
champions,whimsicott,default,ちょうはつ,
champions,whimsicott,default,コットンガード,
champions,whimsicott,default,ギガドレイン,
champions,wyrdeer,default,バリアーラッシュ,
champions,wyrdeer,default,じしん,
champions,wyrdeer,default,とびかかる,
champions,wyrdeer,default,１０まんボルト,
champions,wyrdeer,default,トリックルーム,
champions,wyrdeer,default,じごくづき,
champions,wyrdeer,default,だいちのちから,
champions,wyrdeer,default,すてみタックル,
champions,wyrdeer,default,めいそう,
champions,wyrdeer,default,でんじは,
champions,zoroark,default,ナイトバースト,
champions,zoroark,default,かえんほうしゃ,
champions,zoroark,default,ヘドロばくだん,
champions,zoroark,default,カウンター,
champions,zoroark,default,ふいうち,
champions,zoroark,default,アンコール,
champions,zoroark,default,サイコキネシス,
champions,zoroark,default,きあいだま,
champions,zoroark,default,ちょうはつ,
champions,zoroark,default,トリック,
champions,zoroark,hisui,うらみつらみ,
champions,zoroark,hisui,かえんほうしゃ,
champions,zoroark,hisui,こごえるかぜ,
champions,zoroark,hisui,シャドーボール,
champions,zoroark,hisui,きあいだま,
champions,zoroark,hisui,ちょうはつ,
champions,zoroark,hisui,ヘドロばくだん,
champions,zoroark,hisui,おきみやげ,
champions,zoroark,hisui,かげうち,
champions,zoroark,hisui,ハイパーボイス,
champions,vileplume,default,ちからをすいとる,
champions,vileplume,default,やどりぎのタネ,
champions,vileplume,default,ギガドレイン,
champions,vileplume,default,どくどく,
champions,vileplume,default,ヘドロばくだん,
champions,vileplume,default,ムーンフォース,
champions,vileplume,default,ヘドロウェーブ,
champions,vileplume,default,アシッドボム,
champions,vileplume,default,ねむりごな,
champions,vileplume,default,まもる,
champions,qwilfish,default,どくばりセンボン,
champions,qwilfish,default,クイックターン,
champions,qwilfish,default,みちづれ,
champions,qwilfish,default,どくびし,
champions,qwilfish,default,アクアブレイク,
champions,qwilfish,default,ちょうはつ,
champions,qwilfish,default,まきびし,
champions,qwilfish,default,どくどく,
champions,qwilfish,default,ちいさくなる,
champions,qwilfish,default,いたみわけ,
champions,qwilfish,hisui,どくばりセンボン,
champions,qwilfish,hisui,クイックターン,
champions,qwilfish,hisui,みちづれ,
champions,qwilfish,hisui,どくびし,
champions,qwilfish,hisui,アクアブレイク,
champions,qwilfish,hisui,ちょうはつ,
champions,qwilfish,hisui,まきびし,
champions,qwilfish,hisui,どくどく,
champions,qwilfish,hisui,ちいさくなる,
champions,qwilfish,hisui,いたみわけ,
champions,sceptile,default,りゅうのはどう,
champions,sceptile,default,だいちのちから,
champions,sceptile,default,リーフストーム,
champions,sceptile,default,しっぽきり,
champions,sceptile,default,しんくうは,
champions,sceptile,default,エナジーボール,
champions,sceptile,default,きあいだま,
champions,sceptile,default,がむしゃら,
champions,sceptile,default,ギガドレイン,
champions,sceptile,default,みがわり,
champions,blaziken,default,フレアドライブ,
champions,blaziken,default,インファイト,
champions,blaziken,default,つるぎのまい,
champions,blaziken,default,まもる,
champions,blaziken,default,かみなりパンチ,
champions,blaziken,default,みきり,
champions,blaziken,default,バトンタッチ,
champions,blaziken,default,とびひざげり,
champions,blaziken,default,ストーンエッジ,
champions,blaziken,default,ブレイズキック,
champions,swampert,default,じしん,
champions,swampert,default,クイックターン,
champions,swampert,default,ステルスロック,
champions,swampert,default,あくび,
champions,swampert,default,れいとうパンチ,
champions,swampert,default,ウェーブタックル,
champions,swampert,default,ほえる,
champions,swampert,default,まもる,
champions,mawile,default,じゃれつく,
champions,mawile,default,ふいうち,
champions,mawile,default,ほのおのキバ,
champions,mawile,default,つるぎのまい,
champions,mawile,default,アイアンヘッド,
champions,mawile,default,れいとうパンチ,
champions,mawile,default,かみなりパンチ,
champions,mawile,default,はたきおとす,
champions,mawile,default,サイコファング,
champions,metagross,default,バレットパンチ,
champions,metagross,default,サイコファング,
champions,metagross,default,れいとうパンチ,
champions,metagross,default,じしん,
champions,metagross,default,かみなりパンチ,
champions,metagross,default,アイアンヘッド,
champions,metagross,default,アイアンローラー,
champions,metagross,default,ボディプレス,
champions,metagross,default,てっぺき,
champions,metagross,default,コメットパンチ,
champions,staraptor,default,インファイト,
champions,staraptor,default,ブレイブバード,
champions,staraptor,default,はねやすめ,
champions,staraptor,default,ブレイズキック,
champions,staraptor,default,とんぼがえり,
champions,staraptor,default,いのちがけ,
champions,staraptor,default,みがわり,
champions,staraptor,default,ふきとばし,
champions,staraptor,default,でんこうせっか,
champions,staraptor,default,ダブルウイング,
champions,musharna,default,トリックルーム,
champions,musharna,default,いやしのねがい,
champions,musharna,default,あくび,
champions,musharna,default,ムーンフォース,
champions,musharna,default,サイコキネシス,
champions,musharna,default,ミストバースト,
champions,musharna,default,つきのひかり,
champions,musharna,default,みらいよち,
champions,musharna,default,シャドーボール,
champions,musharna,default,めいそう,
champions,scolipede,default,つるぎのまい,
champions,scolipede,default,じしん,
champions,scolipede,default,きゅうけつ,
champions,scolipede,default,まもる,
champions,scolipede,default,バトンタッチ,
champions,scolipede,default,てっぺき,
champions,scolipede,default,どくづき,
champions,scolipede,default,みがわり,
champions,scolipede,default,ダストシュート,
champions,scolipede,default,いわなだれ,
champions,scrafty,default,ドレインパンチ,
champions,scrafty,default,はたきおとす,
champions,scrafty,default,りゅうのまい,
champions,scrafty,default,れいとうパンチ,
champions,scrafty,default,ビルドアップ,
champions,scrafty,default,どくづき,
champions,scrafty,default,ちょうはつ,
champions,scrafty,default,じごくづき,
champions,scrafty,default,とびひざげり,
champions,scrafty,default,つるぎのまい,
champions,eelektross,default,かえんほうしゃ,
champions,eelektross,default,１０まんボルト,
champions,eelektross,default,りゅうのはどう,
champions,eelektross,default,ギガドレイン,
champions,eelektross,default,サンダーダイブ,
champions,eelektross,default,ドレインパンチ,
champions,eelektross,default,とぐろをまく,
champions,eelektross,default,くさむすび,
champions,eelektross,default,アクアブレイク,
champions,eelektross,default,ボルトチェンジ,
champions,pyroar,default,かえんほうしゃ,
champions,pyroar,default,オーバーヒート,
champions,pyroar,default,あくび,
champions,pyroar,default,ハイパーボイス,
champions,pyroar,default,まもる,
champions,pyroar,default,ねっさのだいち,
champions,pyroar,default,あくのはどう,
champions,pyroar,default,ニトロチャージ,
champions,pyroar,default,みがわり,
champions,pyroar,default,おにび,
champions,malamar,default,ばかぢから,
champions,malamar,default,バトンタッチ,
champions,malamar,default,はたきおとす,
champions,malamar,default,ひっくりかえす,
champions,malamar,default,ちょうはつ,
champions,malamar,default,みがわり,
champions,malamar,default,アシストパワー,
champions,malamar,default,サイコカッター,
champions,malamar,default,めいそう,
champions,malamar,default,あくのはどう,
champions,barbaracle,default,からをやぶる,
champions,barbaracle,default,インファイト,
champions,barbaracle,default,ロックブラスト,
champions,barbaracle,default,アクアブレイク,
champions,barbaracle,default,じしん,
champions,barbaracle,default,シャドークロー,
champions,barbaracle,default,ストーンエッジ,
champions,barbaracle,default,どくづき,
champions,barbaracle,default,いわなだれ,
champions,barbaracle,default,つじぎり,
champions,dragalge,default,りゅうせいぐん,
champions,dragalge,default,クイックターン,
champions,dragalge,default,どくどく,
champions,dragalge,default,ヘドロウェーブ,
champions,dragalge,default,どくびし,
champions,dragalge,default,ヘドロばくだん,
champions,dragalge,default,１０まんボルト,
champions,dragalge,default,ねっとう,
champions,dragalge,default,シャドーボール,
champions,dragalge,default,きあいだま,
champions,grimmsnarl,default,リフレクター,
champions,grimmsnarl,default,ひかりのかべ,
champions,grimmsnarl,default,ソウルクラッシュ,
champions,grimmsnarl,default,すてゼリフ,
champions,grimmsnarl,default,ちょうはつ,
champions,grimmsnarl,default,イカサマ,
champions,grimmsnarl,default,ふいうち,
champions,grimmsnarl,default,ねこだまし,
champions,falinks,default,インファイト,
champions,falinks,default,はいすいのじん,
champions,falinks,default,はたきおとす,
champions,falinks,default,どくづき,
champions,falinks,default,であいがしら,
champions,falinks,default,いわなだれ,
champions,falinks,default,アイアンヘッド,
champions,falinks,default,１０まんばりき,
champions,falinks,default,じごくづき,
champions,falinks,default,カウンター,
champions,overqwil,default,じごくづき,
champions,overqwil,default,どくばりセンボン,
champions,overqwil,default,ちいさくなる,
champions,overqwil,default,みがわり,
champions,overqwil,default,かみくだく,
champions,overqwil,default,つるぎのまい,
champions,overqwil,default,どくびし,
champions,overqwil,default,どくどく,
champions,overqwil,default,まもる,
champions,overqwil,default,ちょうはつ,
champions,houndstone,default,おはかまいり,
champions,houndstone,default,かげうち,
champions,houndstone,default,おにび,
champions,houndstone,default,じゃれつく,
champions,houndstone,default,いたみわけ,
champions,houndstone,default,ボディプレス,
champions,houndstone,default,ポルターガイスト,
champions,houndstone,default,あくび,
champions,houndstone,default,こおりのキバ,
champions,houndstone,default,みちづれ,
champions,annihilape,default,ふんどのこぶし,
champions,annihilape,default,ドレインパンチ,
champions,annihilape,default,ビルドアップ,
champions,annihilape,default,ちょうはつ,
champions,annihilape,default,ステルスロック,
champions,annihilape,default,れいとうパンチ,
champions,annihilape,default,アンコール,
champions,annihilape,default,インファイト,
champions,gholdengo,default,シャドーボール,
champions,gholdengo,default,ゴールドラッシュ,
champions,gholdengo,default,わるだくみ,
champions,gholdengo,default,じこさいせい,
champions,gholdengo,default,１０まんボルト,
champions,gholdengo,default,トリック,
champions,wigglytuff,default,ムーンフォース,
champions,wigglytuff,default,ステルスロック,
champions,wigglytuff,default,かえんほうしゃ,
champions,wigglytuff,default,れいとうビーム,
champions,wigglytuff,default,アンコール,
champions,wigglytuff,default,だいもんじ,
champions,wigglytuff,default,でんじは,
champions,wigglytuff,default,１０まんボルト,
champions,wigglytuff,default,ちょうはつ,
champions,wigglytuff,default,ねがいごと,
champions,persian,default,ねこだまし,
champions,persian,default,フェイント,
champions,persian,default,がむしゃら,
champions,persian,default,ちょうはつ,
champions,persian,default,かみつく,
champions,persian,default,ほしがる,
champions,persian,default,とんぼがえり,
champions,persian,default,こごえるかぜ,
champions,persian,default,すてみタックル,
champions,persian,default,でんじは,
champions,persian,alola,イカサマ,
champions,persian,alola,すてゼリフ,
champions,persian,alola,すりかえ,
champions,persian,alola,でんじは,
champions,persian,alola,ちょうはつ,
champions,persian,alola,さいみんじゅつ,
champions,persian,alola,こごえるかぜ,
champions,persian,alola,とんぼがえり,
champions,persian,alola,ねこだまし,
champions,persian,alola,はたきおとす,
champions,farfetchd,default,ブレイブバード,
champions,farfetchd,default,リーフブレード,
champions,farfetchd,default,であいがしら,
champions,farfetchd,default,つじぎり,
champions,farfetchd,default,きりさく,
champions,farfetchd,default,でんこうせっか,
champions,farfetchd,default,じたばた,
champions,farfetchd,default,インファイト,
champions,farfetchd,default,つるぎのまい,
champions,farfetchd,default,フェイント,
champions,mr-mime,default,サイコキネシス,
champions,mr-mime,default,マジカルシャイン,
champions,mr-mime,default,こごえるかぜ,
champions,mr-mime,default,マジカルフレイム,
champions,mr-mime,default,チャージビーム,
champions,mr-mime,default,アンコール,
champions,mr-mime,default,リフレクター,
champions,mr-mime,default,きあいだま,
champions,mr-mime,default,ワイドフォース,
champions,mr-mime,default,ひかりのかべ,
champions,swalot,default,どくどく,
champions,swalot,default,アンコール,
champions,swalot,default,ボディプレス,
champions,swalot,default,とける,
champions,swalot,default,どくびし,
champions,swalot,default,みちづれ,
champions,swalot,default,あくび,
champions,swalot,default,れいとうビーム,
champions,swalot,default,はたきおとす,
champions,swalot,default,いたみわけ,
champions,salamence,default,すてみタックル,
champions,salamence,default,じしん,
champions,salamence,default,りゅうのまい,
champions,salamence,default,はねやすめ,
champions,salamence,default,りゅうせいぐん,
champions,salamence,default,だいもんじ,
champions,salamence,default,かえんほうしゃ,
champions,salamence,default,ハイパーボイス,
champions,salamence,default,げきりん,
champions,salamence,default,やけっぱち,
champions,gogoat,default,ウッドホーン,
champions,gogoat,default,やどりぎのタネ,
champions,gogoat,default,ビルドアップ,
champions,gogoat,default,ミルクのみ,
champions,gogoat,default,じしん,
champions,gogoat,default,がむしゃら,
champions,gogoat,default,じならし,
champions,gogoat,default,リーフブレード,
champions,gogoat,default,グラスフィールド,
champions,gogoat,default,じゃれつく,
champions,golisopod,default,アイアンヘッド,
champions,golisopod,default,ふいうち,
champions,golisopod,default,であいがしら,
champions,golisopod,default,きゅうけつ,
champions,golisopod,default,とんぼがえり,
champions,golisopod,default,ドリルライナー,
champions,golisopod,default,つるぎのまい,
champions,golisopod,default,インファイト,
champions,golisopod,default,アクアジェット,
champions,golisopod,default,ビルドアップ,
champions,rillaboom,default,グラススライダー,
champions,rillaboom,default,とんぼがえり,
champions,rillaboom,default,はたきおとす,
champions,rillaboom,default,１０まんばりき,
champions,rillaboom,default,ドラムアタック,
champions,rillaboom,default,ウッドハンマー,
champions,rillaboom,default,やどりぎのタネ,
champions,rillaboom,default,ちょうはつ,
champions,cinderace,default,かえんボール,
champions,cinderace,default,とびひざげり,
champions,cinderace,default,ダストシュート,
champions,cinderace,default,ふいうち,
champions,cinderace,default,とんぼがえり,
champions,cinderace,default,おにび,
champions,cinderace,default,アイアンヘッド,
champions,inteleon,default,ねらいうち,
champions,inteleon,default,れいとうビーム,
champions,inteleon,default,しんくうは,
champions,inteleon,default,きあいだめ,
champions,inteleon,default,あくのはどう,
champions,inteleon,default,エアカッター,
champions,inteleon,default,シャドーボール,
champions,inteleon,default,アクアジェット,
champions,inteleon,default,ちょうはつ,
champions,inteleon,default,エアスラッシュ,
champions,thievul,default,あくのはどう,
champions,thievul,default,しっとのほのお,
champions,thievul,default,ちょうはつ,
champions,thievul,default,くさむすび,
champions,thievul,default,イカサマ,
champions,thievul,default,すてゼリフ,
champions,thievul,default,サイコキネシス,
champions,thievul,default,わるだくみ,
champions,thievul,default,ふいうち,
champions,thievul,default,シャドーボール,
champions,toxtricity,default,オーバードライブ,
champions,toxtricity,default,ばくおんぱ,
champions,toxtricity,default,ほっぺすりすり,
champions,toxtricity,default,ヘドロウェーブ,
champions,toxtricity,default,ちょうはつ,
champions,toxtricity,default,ボルトチェンジ,
champions,toxtricity,default,どくびし,
champions,toxtricity,default,サイコノイズ,
champions,toxtricity,default,たたりめ,
champions,toxtricity,default,アンコール,
champions,toxtricity,low-key,オーバードライブ,
champions,toxtricity,low-key,ばくおんぱ,
champions,toxtricity,low-key,ほっぺすりすり,
champions,toxtricity,low-key,ヘドロウェーブ,
champions,toxtricity,low-key,ちょうはつ,
champions,toxtricity,low-key,どくびし,
champions,toxtricity,low-key,ボルトチェンジ,
champions,toxtricity,low-key,サイコノイズ,
champions,toxtricity,low-key,アンコール,
champions,toxtricity,low-key,ヘドロばくだん,
champions,grapploct,default,やまあらし,
champions,grapploct,default,マッハパンチ,
champions,grapploct,default,ふいうち,
champions,grapploct,default,れいとうパンチ,
champions,grapploct,default,たこがため,
champions,grapploct,default,ぶんまわす,
champions,grapploct,default,ともえなげ,
champions,grapploct,default,しっぺがえし,
champions,grapploct,default,じだんだ,
champions,grapploct,default,ビルドアップ,
champions,perrserker,default,アイアンヘッド,
champions,perrserker,default,ねこだまし,
champions,perrserker,default,メタルバースト,
champions,perrserker,default,インファイト,
champions,perrserker,default,ステルスロック,
champions,perrserker,default,はたきおとす,
champions,perrserker,default,じゃれつく,
champions,perrserker,default,ちょうはつ,
champions,perrserker,default,ジャイロボール,
champions,perrserker,default,とんぼがえり,
champions,sirfetchd,default,リーフブレード,
champions,sirfetchd,default,スターアサルト,
champions,sirfetchd,default,であいがしら,
champions,sirfetchd,default,インファイト,
champions,sirfetchd,default,つじぎり,
champions,sirfetchd,default,フェイント,
champions,sirfetchd,default,でんこうせっか,
champions,sirfetchd,default,ブレイブバード,
champions,sirfetchd,default,はたきおとす,
champions,sirfetchd,default,つるぎのまい,
champions,pincurchin,default,ライジングボルト,
champions,pincurchin,default,おきみやげ,
champions,pincurchin,default,まきびし,
champions,pincurchin,default,どくびし,
champions,pincurchin,default,ふいうち,
champions,pincurchin,default,ねっとう,
champions,pincurchin,default,じばく,
champions,pincurchin,default,でんじは,
champions,pincurchin,default,じこさいせい,
champions,pincurchin,default,いたみわけ,
champions,indeedee,default,ワイドフォース,
champions,indeedee,default,マジカルフレイム,
champions,indeedee,default,アンコール,
champions,indeedee,default,マジカルシャイン,
champions,indeedee,default,トリック,
champions,indeedee,default,いやしのねがい,
champions,indeedee,default,シャドーボール,
champions,indeedee,default,みがわり,
champions,indeedee,female,マジカルフレイム,
champions,indeedee,female,だいちのはどう,
champions,indeedee,female,いやしのねがい,
champions,indeedee,female,サイコキネシス,
champions,indeedee,female,トリックルーム,
champions,indeedee,female,みわくのボイス,
champions,indeedee,female,リフレクター,
champions,indeedee,female,ひかりのかべ,
champions,indeedee,female,マジカルシャイン,
champions,indeedee,female,バトンタッチ,
champions,pawmot,default,でんこうそうげき,
champions,pawmot,default,さいきのいのり,
champions,pawmot,default,れいとうパンチ,
champions,pawmot,default,インファイト,
champions,pawmot,default,マッハパンチ,
champions,pawmot,default,ほっぺすりすり,
champions,pawmot,default,ほのおのパンチ,
champions,pawmot,default,ねこだまし,
champions,arboliva,default,ギガドレイン,
champions,arboliva,default,だいちのちから,
champions,arboliva,default,ちからをすいとる,
champions,arboliva,default,やどりぎのタネ,
champions,arboliva,default,おきみやげ,
champions,arboliva,default,アンコール,
champions,arboliva,default,ミラーコート,
champions,arboliva,default,みわくのボイス,
champions,arboliva,default,まもる,
champions,arboliva,default,エナジーボール,
champions,squawkabilly,default,ブレイブバード,
champions,squawkabilly,default,いのちがけ,
champions,squawkabilly,default,すてゼリフ,
champions,squawkabilly,default,とんぼがえり,
champions,squawkabilly,default,イカサマ,
champions,squawkabilly,default,でんこうせっか,
champions,squawkabilly,default,ちょうはつ,
champions,squawkabilly,default,おいかぜ,
champions,squawkabilly,default,すてみタックル,
champions,squawkabilly,default,タネばくだん,
champions,squawkabilly,blue-plumage,ブレイブバード,
champions,squawkabilly,blue-plumage,いのちがけ,
champions,squawkabilly,blue-plumage,すてゼリフ,
champions,squawkabilly,blue-plumage,とんぼがえり,
champions,squawkabilly,blue-plumage,イカサマ,
champions,squawkabilly,blue-plumage,でんこうせっか,
champions,squawkabilly,blue-plumage,ちょうはつ,
champions,squawkabilly,blue-plumage,おいかぜ,
champions,squawkabilly,blue-plumage,すてみタックル,
champions,squawkabilly,blue-plumage,タネばくだん,
champions,squawkabilly,yellow-plumage,いのちがけ,
champions,squawkabilly,yellow-plumage,ブレイブバード,
champions,squawkabilly,yellow-plumage,すてゼリフ,
champions,squawkabilly,yellow-plumage,とんぼがえり,
champions,squawkabilly,yellow-plumage,ちょうはつ,
champions,squawkabilly,yellow-plumage,イカサマ,
champions,squawkabilly,yellow-plumage,でんこうせっか,
champions,squawkabilly,yellow-plumage,すてみタックル,
champions,squawkabilly,yellow-plumage,おいかぜ,
champions,squawkabilly,yellow-plumage,がむしゃら,
champions,squawkabilly,white-plumage,ブレイブバード,
champions,squawkabilly,white-plumage,いのちがけ,
champions,squawkabilly,white-plumage,すてゼリフ,
champions,squawkabilly,white-plumage,とんぼがえり,
champions,squawkabilly,white-plumage,イカサマ,
champions,squawkabilly,white-plumage,でんこうせっか,
champions,squawkabilly,white-plumage,ちょうはつ,
champions,squawkabilly,white-plumage,おいかぜ,
champions,squawkabilly,white-plumage,すてみタックル,
champions,squawkabilly,white-plumage,タネばくだん,
champions,mabosstiff,default,くらいつく,
champions,mabosstiff,default,のろい,
champions,mabosstiff,default,じゃれつく,
champions,mabosstiff,default,みちづれ,
champions,mabosstiff,default,ちょうはつ,
champions,mabosstiff,default,こおりのキバ,
champions,mabosstiff,default,サイコファング,
champions,mabosstiff,default,ねむる,
champions,mabosstiff,default,ほうふく,
champions,mabosstiff,default,みがわり,
champions,baxcalibur,default,こおりのつぶて,
champions,baxcalibur,default,じしん,
champions,baxcalibur,default,きょけんとつげき,
champions,baxcalibur,default,つららおとし,
champions,baxcalibur,default,つるぎのまい,
champions,baxcalibur,default,りゅうのまい,
champions,baxcalibur,default,つららばり,
